time,activityType,lapNumber,distance,speed,calories,lat,long,elevation,heartRate,cycles
0,0,1,0.0,0.0,0,37.54381,-122.279191,-2.1,,0
1,0,1,2.51,2.51,0,37.543792,-122.279183,-2.1,,0
2,0,1,5.1,2.59,0,37.543773,-122.279172,-2.0,,1
3,0,1,7.79,2.69,0,37.543751,-122.279158,-2.0,,1
4,0,1,10.6,2.81,0,37.543728,-122.279141,-2.0,,3
5,0,1,13.55,2.95,0,37.543704,-122.279123,-2.0,,3
6,0,1,16.62,3.07,0,37.543679,-122.279103,-2.0,,3
7,0,1,19.79,3.17,1,37.543652,-122.279082,-1.9,,3
8,0,1,23.01,3.22,1,37.543625,-122.279061,-1.9,,2
9,0,1,26.28,3.27,1,37.543598,-122.279039,-1.8,,2
10,0,1,29.56,3.28,1,37.54357,-122.279017,-1.8,,3
11,0,1,32.86,3.3,1,37.543542,-122.278996,-1.7,,3
12,0,1,36.15,3.3,1,37.543514,-122.278976,-1.6,,3
13,0,1,39.54,3.38,2,37.543487,-122.278958,-1.6,,3
14,0,1,42.99,3.46,2,37.54346,-122.27894,-1.5,,3
15,0,1,46.47,3.48,2,37.543433,-122.278924,-1.4,,3
16,0,1,49.94,3.47,2,37.543406,-122.27891,-1.3,,2
17,0,1,53.38,3.45,2,37.543379,-122.278896,-1.2,,4
18,0,1,56.8,3.41,2,37.543353,-122.278883,-1.1,,2
19,0,1,60.19,3.39,3,37.543326,-122.278871,-1.0,,6
20,0,1,63.56,3.38,3,37.5433,-122.27886,-0.9,,6
21,0,1,66.94,3.38,3,37.543273,-122.27885,-0.9,,3
22,0,1,70.32,3.38,3,37.543247,-122.278841,-0.9,,3
23,0,1,73.7,3.38,3,37.54322,-122.278832,-0.8,,3
24,0,1,77.08,3.38,3,37.543194,-122.278823,-0.8,,3
25,0,1,80.46,3.38,4,37.543167,-122.278815,-0.8,,3
26,0,1,83.84,3.38,4,37.54314,-122.278807,-0.7,,3
27,0,1,87.22,3.38,4,37.543113,-122.2788,-0.7,,3
28,0,1,90.6,3.38,4,37.543086,-122.278794,-0.7,,3
29,0,1,93.97,3.38,4,37.543059,-122.278787,-0.6,,2
30,0,1,97.35,3.38,5,37.543032,-122.278782,-0.6,,4
31,0,1,100.72,3.37,5,37.543005,-122.278777,-0.6,,2
32,0,1,104.09,3.37,5,37.542977,-122.278772,-0.5,,3
33,0,1,107.47,3.37,5,37.54295,-122.278768,-0.5,,3
34,0,1,110.84,3.37,5,37.542922,-122.278765,-0.5,,3
35,0,1,114.21,3.37,5,37.542895,-122.278762,-0.5,,3
36,0,1,117.58,3.37,6,37.542867,-122.27876,-0.4,,3
37,0,1,120.95,3.37,6,37.54284,-122.278758,-0.4,,3
38,0,1,124.31,3.37,6,37.542812,-122.278757,-0.4,,2
39,0,1,127.68,3.37,6,37.542784,-122.278756,-0.3,,6
40,0,1,131.05,3.37,6,37.542757,-122.278756,-0.3,,6
41,0,1,134.41,3.37,6,37.542729,-122.278756,-0.3,,3
42,0,1,137.78,3.36,7,37.542702,-122.278757,-0.2,,3
43,0,1,141.14,3.36,7,37.542675,-122.278758,-0.2,,3
44,0,1,144.5,3.36,7,37.542648,-122.27876,-0.2,,3
45,0,1,147.86,3.36,7,37.542621,-122.278762,-0.1,,3
46,0,1,151.22,3.36,7,37.542595,-122.278764,-0.1,,3
47,0,1,154.58,3.36,7,37.542569,-122.278767,0.0,,2
48,0,1,157.94,3.36,8,37.542543,-122.27877,0.0,,4
49,0,1,157.94,3.36,8,37.542517,-122.278772,0.0,,2
50,0,1,160.06,3.35,8,37.542491,-122.278772,0.0,,3
51,0,1,163.3,3.35,8,37.542464,-122.278772,0.0,,3
52,0,1,166.39,3.35,8,37.542437,-122.278771,0.0,,3
53,0,1,169.57,3.35,9,37.54241,-122.278772,0.0,,3
54,0,1,172.61,3.35,9,37.542383,-122.278772,0.0,,2
55,0,1,175.74,3.35,9,37.542356,-122.278774,0.0,,4
56,0,1,178.92,3.35,9,37.542328,-122.278775,0.0,,2
57,0,1,182.27,3.34,9,37.5423,-122.278777,-0.1,,4
58,0,1,185.53,3.34,9,37.542272,-122.278779,-0.1,,2
59,0,1,185.53,3.34,10,37.542244,-122.27878,-0.1,,3
60,0,1,185.53,3.34,10,37.542215,-122.278782,-0.1,,3
61,0,1,188.86,3.34,10,37.542186,-122.278784,-0.1,,3
62,0,1,188.86,3.34,10,37.542158,-122.278785,-0.1,,3
63,0,1,188.86,3.34,10,37.54213,-122.278787,-0.2,,2
64,0,1,192.14,3.34,10,37.542102,-122.278788,-0.2,,4
65,0,1,199.36,3.34,11,37.542075,-122.27879,-0.2,,3
66,0,1,202.43,3.34,11,37.542048,-122.278791,-0.2,,3
67,0,1,205.58,3.34,11,37.542021,-122.278793,-0.2,,2
68,0,1,208.49,3.33,11,37.541995,-122.278794,-0.2,,3
69,0,1,211.67,3.33,11,37.541968,-122.278795,-0.2,,3
70,0,1,214.82,3.33,11,37.541941,-122.278797,-0.3,,3
71,0,1,217.52,3.33,11,37.541913,-122.278798,-0.3,,3
72,0,1,220.61,3.33,12,37.541885,-122.278799,-0.3,,3
73,0,1,223.98,3.33,12,37.541856,-122.2788,-0.3,,2
74,0,1,226.78,3.33,12,37.541828,-122.278801,-0.3,,3
75,0,1,230.21,3.33,12,37.541799,-122.278802,-0.3,,3
76,0,1,233.4,3.32,12,37.54177,-122.278803,-0.4,,3
77,0,1,236.22,3.32,12,37.54174,-122.278805,-0.4,,3
78,0,1,239.57,3.32,13,37.541711,-122.278806,-0.4,,3
79,0,1,242.9,3.32,13,37.541681,-122.278808,-0.4,,3
80,0,1,245.74,3.32,13,37.541652,-122.278809,-0.4,,3
81,0,1,249.08,3.32,13,37.541622,-122.278811,-0.3,,3
82,0,1,252.49,3.32,13,37.541592,-122.278813,-0.2,,2
83,0,1,255.5,3.32,13,37.541563,-122.278815,-0.1,,3
84,0,1,258.75,3.32,14,37.541534,-122.278818,-0.1,,3
85,0,1,261.91,3.32,14,37.541506,-122.27882,0.0,,6
86,0,1,265.21,3.32,14,37.541478,-122.278821,0.1,,6
87,0,1,268.49,3.32,14,37.54145,-122.278823,0.2,,3
88,0,1,271.8,3.31,14,37.541421,-122.278824,0.2,,3
89,0,1,274.53,3.31,14,37.541391,-122.278825,0.3,,3
90,0,1,277.74,3.31,15,37.541361,-122.278827,0.4,,2
91,0,1,283.96,3.31,15,37.541331,-122.278828,0.5,,6
92,0,1,287.15,3.31,15,37.541296,-122.278827,0.6,,3
93,0,1,290.51,3.31,15,37.541263,-122.278825,0.7,,3
94,0,1,293.19,3.31,15,37.541232,-122.278825,0.8,,3
95,0,1,296.6,3.3,16,37.541203,-122.278826,0.8,,3
96,0,1,299.81,3.3,16,37.541175,-122.278828,0.9,,5
97,0,1,302.55,3.3,16,37.541148,-122.27883,1.0,,5
98,0,1,305.72,3.3,16,37.54112,-122.278832,1.0,,3
99,0,1,308.94,3.3,16,37.541092,-122.278834,1.1,,3
100,0,1,311.88,3.3,16,37.541063,-122.278836,1.2,,3
101,0,1,315.35,3.3,17,37.541033,-122.278838,1.3,,2
102,0,1,318.76,3.29,17,37.541004,-122.27884,1.3,,4
103,0,1,321.26,3.29,17,37.540974,-122.278843,1.4,,2
104,0,1,324.6,3.29,17,37.540945,-122.278845,1.5,,3
105,0,1,328.0,3.29,17,37.540916,-122.278847,1.6,,3
106,0,1,330.92,3.29,17,37.540888,-122.278849,1.6,,3
107,0,1,334.14,3.29,18,37.54086,-122.278851,1.7,,3
108,0,1,337.17,3.29,18,37.540832,-122.278853,1.8,,5
109,0,1,340.46,3.29,18,37.540805,-122.278855,1.7,,5
110,0,1,343.57,3.29,18,37.540778,-122.278856,1.7,,4
111,0,1,346.88,3.29,18,37.540751,-122.278858,1.7,,2
112,0,1,349.46,3.28,18,37.540725,-122.278859,1.6,,3
113,0,1,352.54,3.28,19,37.540698,-122.27886,1.6,,3
114,0,1,355.6,3.28,19,37.540671,-122.278861,1.6,,3
115,0,1,358.56,3.28,19,37.540645,-122.278861,1.6,,3
116,0,1,361.73,3.28,19,37.540618,-122.278861,1.5,,2
117,0,1,364.84,3.28,19,37.540591,-122.278861,1.5,,3
118,0,1,367.48,3.27,19,37.540564,-122.278861,1.5,,4
119,0,1,370.5,3.27,20,37.540537,-122.278861,1.5,,2
120,0,1,373.62,3.27,20,37.54051,-122.27886,1.5,,3
121,0,1,376.41,3.27,20,37.540483,-122.27886,1.4,,3
122,0,1,379.55,3.27,20,37.540455,-122.27886,1.4,,3
123,0,1,382.89,3.26,20,37.540427,-122.27886,1.4,,3
124,0,1,385.51,3.26,20,37.540399,-122.27886,1.4,,3
125,0,1,388.94,3.26,21,37.540371,-122.278861,1.3,,2
126,0,1,392.04,3.26,21,37.540343,-122.278863,1.3,,6
127,0,1,394.95,3.26,21,37.540314,-122.278865,1.3,,6
128,0,1,398.17,3.26,21,37.540285,-122.278867,1.2,,3
129,0,1,401.35,3.26,21,37.540256,-122.278871,1.2,,3
130,0,1,404.38,3.26,21,37.540226,-122.278875,1.2,,3
131,0,1,407.65,3.26,22,37.540197,-122.278879,1.2,,3
132,0,1,411.12,3.26,22,37.540167,-122.278884,1.1,,3
133,0,1,413.8,3.25,22,37.540138,-122.27889,1.1,,3
134,0,1,417.34,3.25,22,37.540109,-122.278897,1.1,,2
135,0,1,420.83,3.25,22,37.54008,-122.278903,1.1,,3
136,0,1,423.7,3.25,22,37.540052,-122.278911,1.0,,3
137,0,1,427.07,3.25,23,37.540023,-122.278919,1.0,,3
138,0,1,430.34,3.25,23,37.539996,-122.278927,1.0,,3
139,0,1,433.55,3.25,23,37.539969,-122.278936,0.9,,3
140,0,1,436.8,3.25,23,37.539942,-122.278946,0.9,,2
141,0,1,440.1,3.25,23,37.539915,-122.278959,0.8,,3
142,0,1,443.14,3.25,23,37.539887,-122.278973,0.8,,3
143,0,1,446.32,3.25,24,37.539859,-122.278985,0.7,,3
144,0,1,449.33,3.25,24,37.539835,-122.27899,0.7,,3
145,0,1,452.36,3.25,24,37.539814,-122.278983,0.7,,3
146,0,1,454.91,3.24,24,37.539797,-122.278966,0.6,,3
147,0,1,457.6,3.24,24,37.53978,-122.278946,0.6,,2
148,0,1,460.32,3.24,24,37.539763,-122.278924,0.6,,3
149,0,1,463.23,3.24,25,37.539744,-122.278903,0.6,,3
150,0,1,466.23,3.23,25,37.539724,-122.278883,0.6,,3
151,0,1,467.81,3.23,25,37.539702,-122.278865,0.5,,3
152,0,1,470.97,3.22,25,37.539678,-122.27885,0.5,,3
153,0,1,474.13,3.22,25,37.539652,-122.278837,0.5,,3
154,0,1,476.33,3.22,25,37.539626,-122.278827,0.5,,2
155,0,1,479.4,3.22,26,37.539599,-122.278819,0.4,,4
156,0,1,482.51,3.21,26,37.539572,-122.278813,0.4,,5
157,0,1,485.29,3.21,26,37.539545,-122.27881,0.4,,5
158,0,1,488.53,3.21,26,37.539518,-122.278808,0.3,,3
159,0,1,491.66,3.21,26,37.539491,-122.278808,0.3,,3
160,0,1,494.6,3.21,26,37.539464,-122.278809,0.3,,3
161,0,1,497.73,3.21,27,37.539436,-122.27881,0.2,,2
162,0,1,500.84,3.21,27,37.539408,-122.278811,0.2,,3
163,0,1,503.87,3.21,27,37.53938,-122.278812,0.1,,3
164,0,1,506.81,3.21,27,37.539352,-122.278813,0.1,,3
165,0,1,509.99,3.2,27,37.539323,-122.278814,0.1,,3
166,0,1,512.82,3.2,27,37.539296,-122.278815,0.0,,3
167,0,1,516.06,3.2,28,37.539268,-122.278817,0.0,,3
168,0,1,519.16,3.2,28,37.539241,-122.27882,-0.1,,2
169,0,1,521.97,3.2,28,37.539215,-122.278822,-0.1,,3
170,0,1,524.87,3.2,28,37.539189,-122.278826,-0.2,,3
171,0,1,527.88,3.2,28,37.539163,-122.278829,-0.2,,3
172,0,1,531.06,3.2,28,37.539137,-122.278833,-0.2,,3
173,0,1,533.95,3.2,29,37.539111,-122.278836,-0.2,,3
174,0,1,537.18,3.2,29,37.539084,-122.27884,-0.2,,5
175,0,1,539.69,3.19,29,37.539057,-122.278843,-0.2,,5
176,0,1,542.87,3.19,29,37.53903,-122.278848,-0.3,,4
177,0,1,546.08,3.19,29,37.539003,-122.278852,-0.3,,2
178,0,1,548.76,3.19,29,37.538976,-122.278858,-0.3,,3
179,0,1,551.9,3.19,30,37.538949,-122.278864,-0.3,,3
180,0,1,554.94,3.19,30,37.538922,-122.278872,-0.3,,3
181,0,1,558.07,3.19,30,37.538896,-122.27888,-0.3,,3
182,0,1,560.96,3.19,30,37.53887,-122.278891,-0.3,,3
183,0,1,564.01,3.19,30,37.538844,-122.278902,-0.3,,3
184,0,1,566.91,3.18,30,37.538819,-122.278915,-0.4,,2
185,0,1,570.16,3.18,31,37.538795,-122.27893,-0.4,,3
186,0,1,573.41,3.18,31,37.538771,-122.278946,-0.4,,6
187,0,1,575.61,3.18,31,37.538748,-122.278963,-0.4,,6
188,0,1,578.79,3.18,31,37.538726,-122.278981,-0.4,,3
189,0,1,581.7,3.18,31,37.538705,-122.279,-0.4,,2
190,0,1,584.63,3.18,31,37.538684,-122.279019,-0.4,,3
191,0,1,587.39,3.18,32,37.538664,-122.279039,-0.4,,3
192,0,1,590.37,3.17,32,37.538645,-122.27906,-0.4,,3
193,0,1,593.21,3.17,32,37.538626,-122.279082,-0.3,,3
194,0,1,596.42,3.17,32,37.538608,-122.279105,-0.3,,3
195,0,1,599.54,3.17,32,37.538591,-122.27913,-0.3,,3
196,0,1,601.78,3.17,32,37.538573,-122.279157,-0.3,,2
197,0,1,609.73,3.16,33,37.538557,-122.279185,-0.2,,4
198,0,1,613.67,3.16,33,37.538541,-122.279214,-0.2,,2
199,0,1,616.76,3.16,33,37.538525,-122.279244,-0.1,,3
200,0,1,619.97,3.16,33,37.538511,-122.279273,-0.1,,3
201,0,1,623.11,3.16,33,37.538498,-122.279303,0.0,,3
202,0,1,626.1,3.16,33,37.538485,-122.279332,0.0,,3
203,0,1,628.91,3.16,34,37.538473,-122.27936,0.1,,2
204,0,1,631.72,3.16,34,37.538462,-122.279389,0.1,,4
205,0,1,634.6,3.16,34,37.538451,-122.279417,0.2,,2
206,0,1,637.43,3.16,34,37.53844,-122.279445,0.2,,3
207,0,1,640.27,3.15,34,37.538428,-122.279474,0.3,,3
208,0,1,643.15,3.15,34,37.538416,-122.279503,0.3,,3
209,0,1,646.09,3.15,35,37.538404,-122.279533,0.4,,3
210,0,1,649.06,3.15,35,37.538391,-122.279563,0.4,,3
211,0,1,652.06,3.15,35,37.538377,-122.279594,0.5,,3
212,0,1,655.11,3.15,35,37.538364,-122.279625,0.5,,2
213,0,1,658.49,3.15,35,37.53835,-122.279656,0.6,,3
214,0,1,661.85,3.15,35,37.538335,-122.279688,0.6,,3
215,0,1,661.85,3.15,36,37.538321,-122.279719,0.7,,3
216,0,1,661.85,3.15,36,37.538307,-122.279751,0.7,,6
217,0,1,665.05,3.15,36,37.538293,-122.279783,0.7,,6
218,0,1,668.04,3.15,36,37.53828,-122.279815,0.7,,3
219,0,1,671.23,3.15,36,37.538267,-122.279847,0.8,,2
220,0,1,674.55,3.15,36,37.538254,-122.279879,0.8,,3
221,0,1,677.61,3.15,37,37.538242,-122.27991,0.9,,3
222,0,1,680.76,3.15,37,37.53823,-122.279941,0.9,,3
223,0,1,683.94,3.15,37,37.538218,-122.279972,1.0,,3
224,0,1,687.0,3.14,37,37.538205,-122.280002,1.0,,3
225,0,1,689.97,3.14,37,37.538191,-122.280031,1.0,,3
226,0,1,692.79,3.14,37,37.538177,-122.280059,1.0,,2
227,0,1,696.1,3.14,38,37.538161,-122.280087,1.0,,3
228,0,1,699.27,3.14,38,37.538144,-122.280114,1.0,,3
229,0,1,702.62,3.14,38,37.538126,-122.280139,1.0,,3
230,0,1,705.01,3.14,38,37.538106,-122.280164,0.9,,3
231,0,1,708.29,3.14,38,37.538084,-122.280188,0.9,,3
232,0,1,711.54,3.14,38,37.538062,-122.28021,0.9,,3
233,0,1,714.51,3.14,39,37.538038,-122.280232,0.9,,2
234,0,1,717.49,3.14,39,37.538014,-122.280253,0.9,,3
235,0,1,720.82,3.14,39,37.537989,-122.280273,0.9,,3
236,0,1,723.91,3.14,39,37.537964,-122.280293,0.8,,3
237,0,1,727.27,3.14,39,37.537939,-122.280312,0.8,,3
238,0,1,730.72,3.14,39,37.537914,-122.280331,0.8,,3
239,0,1,733.61,3.14,40,37.537889,-122.28035,0.8,,3
240,0,1,736.87,3.14,40,37.537865,-122.280369,0.8,,2
241,0,1,740.07,3.14,40,37.537842,-122.280388,0.7,,6
242,0,1,743.41,3.14,40,37.537819,-122.280409,0.7,,6
243,0,1,746.67,3.14,40,37.537797,-122.280429,0.7,,3
244,0,1,749.65,3.14,40,37.537775,-122.28045,0.6,,3
245,0,1,752.68,3.14,41,37.537753,-122.280471,0.6,,3
246,0,1,756.07,3.14,41,37.53773,-122.280492,0.6,,5
247,0,1,759.34,3.14,41,37.537706,-122.280512,0.5,,5
248,0,1,761.86,3.14,41,37.537681,-122.280531,0.5,,4
249,0,1,765.12,3.13,41,37.537654,-122.280548,0.5,,2
250,0,1,768.47,3.13,41,37.537627,-122.280563,0.4,,3
251,0,1,771.56,3.13,42,37.537599,-122.280576,0.4,,3
252,0,1,774.68,3.13,42,37.537571,-122.280584,0.4,,3
253,0,1,777.84,3.13,42,37.537544,-122.280588,0.3,,3
254,0,1,781.21,3.13,42,37.537517,-122.280588,0.3,,2
255,0,1,784.46,3.13,42,37.537489,-122.280584,0.3,,3
256,0,1,787.76,3.13,42,37.537462,-122.280578,0.3,,3
257,0,1,790.31,3.13,43,37.537435,-122.28057,0.2,,3
258,0,1,798.68,3.13,43,37.537408,-122.280559,0.2,,3
259,0,1,802.89,3.13,43,37.537381,-122.280548,0.2,,3
260,0,1,805.98,3.13,43,37.537354,-122.280536,0.2,,3
261,0,1,809.13,3.13,43,37.537326,-122.280524,0.2,,2
262,0,1,812.24,3.13,43,37.537298,-122.280513,0.1,,4
263,0,1,815.41,3.13,44,37.53727,-122.280503,0.1,,2
264,0,1,818.72,3.13,44,37.537241,-122.280495,0.1,,3
265,0,1,822.1,3.13,44,37.537213,-122.280486,0.1,,3
266,0,1,825.31,3.13,44,37.537186,-122.280476,0.1,,3
267,0,1,828.45,3.13,44,37.537161,-122.280463,0.0,,3
268,0,1,831.55,3.13,44,37.537138,-122.280446,0.0,,3
269,0,1,834.68,3.13,45,37.537119,-122.280422,0.0,,3
270,0,1,838.01,3.13,45,37.537103,-122.280391,0.1,,2
271,0,1,841.42,3.13,45,37.537093,-122.280355,0.1,,3
272,0,1,844.78,3.13,45,37.537087,-122.280315,0.1,,3
273,0,1,848.14,3.13,45,37.537086,-122.280275,0.2,,3
274,0,1,851.51,3.14,45,37.537091,-122.280236,0.2,,3
275,0,1,854.88,3.14,46,37.537102,-122.2802,0.3,,3
276,0,1,858.27,3.14,46,37.537117,-122.280166,0.3,,3
277,0,1,861.76,3.14,46,37.537135,-122.280134,0.4,,2
278,0,1,865.22,3.14,46,37.537154,-122.280103,0.5,,4
279,0,1,868.72,3.14,46,37.537172,-122.280072,0.5,,2
280,0,1,872.16,3.14,46,37.537188,-122.280039,0.6,,3
281,0,1,875.66,3.14,47,37.537199,-122.280004,0.6,,3
282,0,1,879.15,3.14,47,37.537208,-122.279967,0.6,,3
283,0,1,882.64,3.14,47,37.537212,-122.279929,0.5,,3
284,0,1,886.18,3.15,47,37.537214,-122.279889,0.4,,6
285,0,1,889.66,3.15,47,37.537212,-122.279849,0.3,,6
286,0,1,893.08,3.15,47,37.537208,-122.279808,0.2,,3
287,0,1,896.58,3.15,48,37.537202,-122.279767,0.1,,3
288,0,1,900.16,3.15,48,37.537193,-122.279726,0.0,,2
289,0,1,903.83,3.15,48,37.537181,-122.279688,-0.1,,3
290,0,1,907.6,3.15,48,37.537167,-122.279652,-0.2,,3
291,0,1,911.22,3.15,48,37.537149,-122.27962,-0.2,,3
292,0,1,914.63,3.15,48,37.537128,-122.279592,-0.3,,3
293,0,1,918.26,3.16,49,37.537104,-122.27957,-0.3,,3
294,0,1,921.79,3.16,49,37.537077,-122.279553,-0.3,,3
295,0,1,921.79,3.16,49,37.537048,-122.27954,-0.3,,2
296,0,1,921.79,3.16,49,37.537017,-122.279531,-0.3,,4
297,0,1,925.27,3.16,49,37.536987,-122.279525,-0.3,,2
298,0,1,927.98,3.16,49,37.536956,-122.279522,-0.3,,3
299,0,1,936.99,3.16,50,37.536926,-122.279521,-0.2,,3
300,0,1,941.44,3.17,50,37.536896,-122.279523,-0.2,,3
301,0,1,944.8,3.17,50,37.536866,-122.279526,-0.2,,3
302,0,1,948.18,3.17,50,37.536836,-122.279532,-0.1,,3
303,0,1,951.52,3.17,50,37.536806,-122.279538,-0.1,,3
304,0,1,954.89,3.17,50,37.536776,-122.279547,-0.1,,3
305,0,1,958.32,3.17,51,37.536746,-122.279556,-0.1,,3
306,0,1,961.73,3.17,51,37.536716,-122.279564,0.0,,2
307,0,1,965.02,3.17,51,37.536686,-122.279572,0.0,,4
308,0,1,968.44,3.17,51,37.536656,-122.279578,0.0,,2
309,0,1,971.94,3.17,51,37.536625,-122.279581,0.1,,3
310,0,1,975.4,3.17,51,37.536595,-122.279582,0.1,,3
311,0,1,978.81,3.17,52,37.536564,-122.279579,0.2,,3
312,0,1,982.23,3.18,52,37.536534,-122.279575,0.2,,3
313,0,1,985.71,3.18,52,37.536503,-122.279568,0.3,,3
314,0,1,989.22,3.18,52,37.536472,-122.279561,0.4,,3
315,0,1,992.75,3.18,52,37.536441,-122.279552,0.4,,3
316,0,1,996.29,3.18,52,37.536409,-122.279544,0.5,,3
317,0,1,999.89,3.18,53,37.536377,-122.279536,0.5,,2
318,0,1,1003.45,3.19,53,37.536346,-122.279529,0.6,,3
319,0,1,1006.89,3.19,53,37.536315,-122.279524,0.7,,3
320,0,1,1010.46,3.19,53,37.536284,-122.279522,0.7,,3
321,0,1,1010.46,3.19,53,37.536254,-122.279523,0.8,,3
322,0,1,1010.46,3.19,53,37.536224,-122.279525,0.8,,3
323,0,1,1013.65,3.19,54,37.536194,-122.279529,0.9,,3
324,0,1,1017.03,3.19,54,37.536165,-122.279531,0.9,,3
325,0,1,1020.35,3.19,54,37.536136,-122.279531,1.0,,3
326,0,1,1023.79,3.19,54,37.536107,-122.279527,1.1,,2
327,0,1,1026.57,3.2,54,37.536077,-122.279519,1.1,,3
328,0,1,1030.35,3.2,54,37.536048,-122.279506,1.2,,3
329,0,1,1034.23,3.2,55,37.536019,-122.27949,1.3,,3
330,0,1,1036.56,3.2,55,37.535991,-122.279471,1.3,,3
331,0,1,1040.3,3.2,55,37.535962,-122.27945,1.4,,3
332,0,1,1043.97,3.2,55,37.535935,-122.279428,1.5,,3
333,0,1,1047.33,3.2,55,37.535908,-122.279406,1.6,,3
334,0,1,1051.06,3.2,55,37.535881,-122.279384,1.6,,3
335,0,1,1054.49,3.2,56,37.535855,-122.279362,1.7,,2
336,0,1,1058.03,3.2,56,37.535829,-122.27934,1.8,,4
337,0,1,1061.42,3.2,56,37.535804,-122.279317,1.8,,2
338,0,1,1064.99,3.2,56,37.535779,-122.279294,1.8,,4
339,0,1,1068.42,3.21,56,37.535754,-122.279272,1.8,,2
340,0,1,1072.22,3.21,56,37.535729,-122.279248,1.8,,3
341,0,1,1075.89,3.21,57,37.535703,-122.279225,1.8,,3
342,0,1,1078.83,3.21,57,37.535678,-122.279202,1.8,,3
343,0,1,1082.51,3.21,57,37.535652,-122.279178,1.8,,3
344,0,1,1086.05,3.21,57,37.535626,-122.279154,1.8,,3
345,0,1,1089.52,3.21,57,37.535599,-122.279129,1.8,,3
346,0,1,1093.24,3.21,57,37.535572,-122.279105,1.8,,2
347,0,1,1097.01,3.21,58,37.535545,-122.27908,1.8,,4
348,0,1,1100.23,3.21,58,37.535518,-122.279055,1.8,,2
349,0,1,1104.08,3.21,58,37.535491,-122.279031,1.8,,3
350,0,1,1107.91,3.22,58,37.535464,-122.279006,1.7,,3
351,0,1,1111.15,3.22,58,37.535437,-122.278982,1.7,,3
352,0,1,1114.93,3.22,58,37.535411,-122.278958,1.7,,3
353,0,1,1118.55,3.22,59,37.535385,-122.278934,1.7,,3
354,0,1,1122.17,3.22,59,37.53536,-122.278911,1.7,,2
355,0,1,1125.74,3.22,59,37.535335,-122.278888,1.7,,3
356,0,1,1129.36,3.23,59,37.53531,-122.278866,1.7,,4
357,0,1,1132.73,3.23,59,37.535286,-122.278844,1.7,,2
358,0,1,1136.06,3.23,59,37.535263,-122.278822,1.7,,3
359,0,1,1139.28,3.23,60,37.535239,-122.2788,1.7,,3
360,0,1,1142.84,3.23,60,37.535216,-122.278779,1.7,,3
361,0,1,1146.23,3.23,60,37.535193,-122.278757,1.7,,3
362,0,1,1149.56,3.23,60,37.53517,-122.278736,1.7,,3
363,0,1,1152.31,3.23,60,37.535146,-122.278715,1.7,,2
364,0,1,1155.93,3.23,60,37.535123,-122.278693,1.7,,3
365,0,1,1159.5,3.23,61,37.535099,-122.278671,1.7,,3
366,0,1,1161.97,3.23,61,37.535075,-122.278649,1.7,,6
367,0,1,1165.35,3.23,61,37.53505,-122.278627,1.7,,6
368,0,1,1168.86,3.23,61,37.535026,-122.278604,1.7,,3
369,0,1,1171.83,3.23,61,37.535001,-122.278581,1.7,,2
370,0,1,1175.65,3.23,61,37.534977,-122.278559,1.7,,4
371,0,1,1179.5,3.23,62,37.534952,-122.278536,1.6,,2
372,0,1,1181.79,3.23,62,37.534929,-122.278513,1.6,,3
373,0,1,1185.35,3.23,62,37.534905,-122.27849,1.6,,3
374,0,1,1188.7,3.23,62,37.534882,-122.278467,1.6,,3
375,0,1,1192.31,3.23,62,37.534858,-122.278444,1.5,,3
376,0,1,1195.74,3.23,62,37.534835,-122.278421,1.5,,3
377,0,1,1199.2,3.23,63,37.534811,-122.278397,1.5,,3
378,0,1,1202.19,3.23,63,37.534787,-122.278373,1.4,,2
379,0,1,1205.83,3.23,63,37.534763,-122.278349,1.4,,3
380,0,1,1209.47,3.23,63,37.534739,-122.278325,1.4,,3
381,0,1,1212.27,3.23,63,37.534715,-122.278301,1.3,,3
382,0,1,1215.83,3.23,63,37.534691,-122.278277,1.2,,3
383,0,1,1219.36,3.23,64,37.534666,-122.278254,1.2,,3
384,0,1,1222.44,3.23,64,37.534642,-122.27823,1.1,,3
385,0,1,1225.96,3.23,64,37.534618,-122.278208,1.1,,2
386,0,1,1229.5,3.23,64,37.534593,-122.278185,1.0,,4
387,0,1,1232.55,3.23,64,37.534569,-122.278164,1.0,,2
388,0,1,1236.07,3.23,64,37.534546,-122.278143,0.9,,3
389,0,1,1239.14,3.23,65,37.534522,-122.278123,0.9,,3
390,0,1,1242.5,3.23,65,37.534499,-122.278103,0.9,,6
391,0,1,1245.75,3.23,65,37.534476,-122.278085,0.8,,6
392,0,1,1248.94,3.23,65,37.534454,-122.278066,0.8,,3
393,0,1,1251.74,3.23,65,37.534432,-122.278048,0.8,,3
394,0,1,1254.82,3.23,65,37.53441,-122.278029,0.7,,2
395,0,1,1257.8,3.23,66,37.534389,-122.278011,0.7,,4
396,0,1,1260.75,3.23,66,37.534368,-122.277992,0.7,,5
397,0,1,1263.83,3.23,66,37.534347,-122.277973,0.7,,5
398,0,1,1267.01,3.23,66,37.534326,-122.277954,0.7,,4
399,0,1,1269.3,3.22,66,37.534306,-122.277935,0.7,,2
400,0,1,1272.3,3.22,66,37.534285,-122.277916,0.6,,3
401,0,1,1275.43,3.22,67,37.534264,-122.277896,0.6,,3
402,0,1,1277.91,3.22,67,37.534242,-122.277876,0.6,,3
403,0,1,1280.98,3.22,67,37.53422,-122.277856,0.6,,2
404,0,1,1284.45,3.21,67,37.534198,-122.277836,0.6,,4
405,0,1,1286.73,3.21,67,37.534175,-122.277815,0.6,,2
406,0,1,1290.15,3.21,67,37.534151,-122.277793,0.6,,3
407,0,1,1293.54,3.21,68,37.534126,-122.277771,0.7,,3
408,0,1,1296.16,3.21,68,37.534101,-122.277748,0.7,,3
409,0,1,1299.66,3.21,68,37.534076,-122.277724,0.7,,3
410,0,1,1303.32,3.21,68,37.53405,-122.277701,0.7,,3
411,0,1,1306.09,3.21,68,37.534024,-122.277677,0.7,,2
412,0,1,1309.98,3.21,68,37.533998,-122.277653,0.7,,3
413,0,1,1313.92,3.21,69,37.533973,-122.27763,0.7,,4
414,0,1,1316.78,3.21,69,37.533948,-122.277606,0.7,,2
415,0,1,1320.4,3.21,69,37.533922,-122.277582,0.7,,3
416,0,1,1323.9,3.22,69,37.533897,-122.277559,0.7,,3
417,0,1,1327.68,3.22,69,37.533872,-122.277536,0.6,,3
418,0,1,1331.27,3.22,69,37.533846,-122.277513,0.6,,1
419,0,1,1334.79,3.22,70,37.533821,-122.27749,0.6,,3
420,0,1,1337.91,3.22,70,37.533795,-122.277467,0.5,,6
421,0,1,1341.59,3.22,70,37.53377,-122.277445,0.4,,6
422,0,1,1345.29,3.22,70,37.533745,-122.277423,0.4,,3
423,0,1,1348.04,3.22,70,37.53372,-122.2774,0.3,,3
424,0,1,1351.75,3.22,70,37.533695,-122.277378,0.2,,3
425,0,1,1355.35,3.22,71,37.533672,-122.277356,0.2,,2
426,0,1,1358.41,3.22,71,37.533649,-122.277333,0.1,,4
427,0,1,1361.61,3.22,71,37.533627,-122.27731,0.0,,2
428,0,1,1364.59,3.22,71,37.533607,-122.277286,0.0,,4
429,0,1,1368.45,3.22,71,37.533588,-122.27726,-0.1,,3
430,0,1,1371.51,3.22,71,37.533572,-122.277234,-0.1,,2
431,0,1,1374.65,3.22,72,37.533558,-122.277206,-0.2,,3
432,0,1,1377.34,3.22,72,37.533547,-122.277177,-0.2,,3
433,0,1,1380.56,3.22,72,37.53354,-122.277146,-0.3,,3
434,0,1,1383.9,3.22,72,37.533537,-122.277113,-0.3,,3
435,0,1,1385.86,3.22,72,37.533538,-122.277079,-0.4,,3
436,0,1,1389.05,3.22,72,37.533543,-122.277043,-0.4,,3
437,0,1,1392.42,3.22,73,37.533552,-122.277007,-0.5,,2
438,0,1,1394.82,3.21,73,37.533564,-122.276971,-0.5,,3
439,0,1,1403.24,3.21,73,37.533577,-122.276936,-0.6,,3
440,0,1,1407.68,3.21,73,37.533592,-122.276903,-0.6,,4
441,0,1,1411.13,3.21,73,37.533608,-122.276872,-0.7,,2
442,0,1,1414.49,3.21,73,37.533625,-122.276841,-0.7,,3
443,0,1,1417.82,3.21,74,37.533641,-122.27681,-0.8,,3
444,0,1,1421.17,3.22,74,37.533657,-122.276777,-0.8,,3
445,0,1,1424.59,3.22,74,37.533673,-122.276742,-0.9,,2
446,0,1,1428.06,3.22,74,37.53369,-122.276709,-0.9,,3
447,0,1,1431.52,3.22,74,37.533708,-122.276678,-1.0,,3
448,0,1,1435.09,3.22,74,37.533729,-122.276649,-1.0,,3
449,0,1,1438.56,3.22,75,37.533751,-122.276623,-1.1,,3
450,0,1,1441.94,3.22,75,37.533776,-122.2766,-1.1,,3
451,0,1,1445.32,3.22,75,37.533802,-122.27658,-1.1,,3
452,0,1,1448.75,3.22,75,37.53383,-122.276563,-1.1,,3
453,0,1,1452.23,3.22,75,37.53386,-122.276549,-1.1,,3
454,0,1,1455.73,3.22,75,37.533892,-122.276538,-1.1,,2
455,0,1,1459.3,3.22,76,37.533924,-122.276532,-1.1,,3
456,0,1,1462.76,3.22,76,37.533956,-122.27653,-1.1,,3
457,0,1,1466.27,3.22,76,37.533987,-122.276532,-1.1,,3
458,0,1,1469.98,3.23,76,37.534018,-122.276539,-1.1,,3
459,0,1,1473.62,3.23,76,37.534047,-122.276551,-1.0,,3
460,0,1,1473.62,3.23,76,37.534075,-122.276565,-1.0,,3
461,0,1,1478.9,3.23,77,37.534102,-122.276582,-1.0,,3
462,0,1,1483.41,3.23,77,37.534129,-122.276601,-1.0,,5
463,0,1,1486.66,3.23,77,37.534155,-122.276621,-1.0,,5
464,0,1,1489.98,3.23,77,37.53418,-122.276641,-1.0,,3
465,0,1,1493.39,3.23,77,37.534205,-122.276662,-1.0,,3
466,0,1,1496.74,3.23,77,37.53423,-122.276683,-0.9,,3
467,0,1,1500.1,3.23,78,37.534254,-122.276704,-0.8,,3
468,0,1,1503.45,3.23,78,37.534278,-122.276725,-0.7,,5
469,0,1,1506.79,3.23,78,37.534302,-122.276747,-0.7,,5
470,0,1,1510.09,3.23,78,37.534326,-122.276769,-0.6,,3
471,0,1,1513.44,3.23,78,37.53435,-122.276791,-0.5,,3
472,0,1,1516.75,3.23,78,37.534375,-122.276813,-0.4,,1
473,0,1,1520.07,3.23,79,37.534401,-122.276834,-0.4,,3
474,0,1,1523.45,3.23,79,37.534428,-122.276853,-0.3,,3
475,0,1,1526.91,3.23,79,37.534457,-122.276868,-0.3,,2
476,0,1,1530.43,3.23,79,37.534488,-122.276876,-0.2,,3
477,0,1,1533.8,3.24,79,37.534519,-122.276878,-0.2,,3
478,0,1,1537.13,3.24,79,37.534551,-122.276872,-0.2,,3
479,0,1,1540.57,3.24,80,37.534581,-122.27686,-0.2,,3
480,0,1,1544.09,3.24,80,37.534608,-122.276841,-0.2,,3
481,0,1,1547.85,3.24,80,37.534631,-122.276815,-0.2,,3
482,0,1,1551.54,3.24,80,37.534651,-122.276785,-0.2,,3
483,0,1,1551.54,3.24,80,37.534668,-122.276753,-0.3,,2
484,0,1,1556.72,3.24,80,37.534683,-122.276721,-0.3,,3
485,0,1,1561.08,3.24,80,37.534696,-122.276689,-0.3,,3
486,0,1,1564.23,3.24,81,37.534709,-122.276657,-0.3,,3
487,0,1,1567.4,3.24,81,37.534722,-122.276624,-0.3,,3
488,0,1,1570.62,3.24,81,37.534732,-122.27659,-0.3,,3
489,0,1,1573.86,3.24,81,37.534739,-122.276553,-0.2,,3
490,0,1,1577.2,3.24,81,37.534739,-122.276515,-0.2,,2
491,0,1,1580.6,3.24,81,37.534735,-122.276476,-0.2,,3
492,0,1,1584.15,3.24,82,37.534725,-122.276438,-0.1,,3
493,0,1,1587.74,3.24,82,37.534713,-122.276403,-0.1,,3
494,0,1,1591.22,3.24,82,37.534697,-122.276371,-0.1,,2
495,0,1,1594.5,3.24,82,37.534679,-122.276341,-0.1,,4
496,0,1,1597.75,3.25,82,37.53466,-122.276312,-0.2,,3
497,0,1,1601.08,3.25,82,37.534639,-122.276285,-0.2,,2
498,0,1,1604.48,3.25,83,37.534618,-122.276259,-0.2,,4
499,0,1,1607.89,3.25,83,37.534596,-122.276234,-0.2,,2
500,0,1,1611.14,3.25,83,37.534574,-122.276208,-0.2,,3
501,0,1,1614.44,3.25,83,37.534552,-122.276183,-0.3,,3
502,0,1,1617.82,3.25,83,37.534529,-122.276158,-0.3,,3
503,0,1,1621.62,3.25,83,37.534505,-122.276133,-0.3,,3
504,0,1,1625.27,3.25,84,37.53448,-122.276107,-0.4,,5
505,0,1,1625.27,3.25,84,37.534455,-122.276081,-0.4,,5
506,0,1,1625.27,3.25,84,37.534431,-122.276053,-0.4,,3
507,0,1,1629.04,3.25,84,37.534407,-122.276024,-0.5,,3
508,0,1,1632.02,3.25,84,37.534386,-122.275993,-0.5,,3
509,0,1,1635.81,3.25,84,37.534369,-122.27596,-0.6,,3
510,0,1,1639.53,3.25,85,37.534355,-122.275925,-0.6,,2
511,0,1,1642.7,3.25,85,37.534344,-122.275888,-0.6,,3
512,0,1,1646.41,3.26,85,37.534336,-122.275849,-0.6,,4
513,0,1,1649.95,3.26,85,37.534331,-122.275809,-0.6,,2
514,0,1,1653.2,3.26,85,37.534327,-122.275769,-0.6,,3
515,0,1,1657.04,3.26,85,37.534324,-122.275729,-0.5,,3
516,0,1,1660.87,3.26,86,37.534322,-122.275688,-0.5,,3
517,0,1,1663.62,3.26,86,37.53432,-122.275648,-0.5,,3
518,0,1,1667.36,3.26,86,37.534319,-122.275609,-0.4,,2
519,0,1,1671.18,3.26,86,37.534318,-122.27557,-0.4,,3
520,0,1,1674.27,3.26,86,37.534318,-122.27553,-0.3,,3
521,0,1,1677.92,3.26,86,37.534318,-122.275491,-0.3,,3
522,0,1,1681.55,3.27,87,37.534318,-122.275453,-0.3,,3
523,0,1,1684.79,3.27,87,37.534318,-122.275414,-0.2,,2
524,0,1,1688.49,3.27,87,37.534319,-122.275375,-0.2,,4
525,0,1,1694.45,3.27,87,37.53432,-122.275337,-0.1,,2
526,0,1,1701.28,3.27,87,37.534322,-122.275298,-0.1,,3
527,0,1,1705.36,3.27,87,37.534323,-122.275259,-0.1,,3
528,0,1,1708.83,3.27,88,37.534325,-122.27522,0.0,,3
529,0,1,1712.19,3.27,88,37.534327,-122.275182,0.0,,3
530,0,1,1715.54,3.27,88,37.534329,-122.275143,0.1,,3
531,0,1,1718.98,3.27,88,37.534331,-122.275104,0.1,,3
532,0,1,1722.41,3.27,88,37.534333,-122.275066,0.1,,3
533,0,1,1726.04,3.27,88,37.534334,-122.275027,0.2,,3
534,0,1,1726.04,3.27,89,37.534336,-122.274989,0.2,,2
535,0,1,1726.04,3.28,89,37.534337,-122.274951,0.2,,3
536,0,1,1729.7,3.28,89,37.534337,-122.274913,0.2,,3
537,0,1,1732.56,3.28,89,37.534338,-122.274875,0.3,,3
538,0,1,1736.13,3.28,89,37.534338,-122.274837,0.3,,3
539,0,1,1739.51,3.28,89,37.534337,-122.2748,0.3,,3
540,0,1,1742.7,3.28,90,37.534337,-122.274763,0.3,,3
541,0,1,1746.1,3.28,90,37.534336,-122.274725,0.3,,2
542,0,1,1749.62,3.28,90,37.534336,-122.274688,0.4,,3
543,0,1,1752.64,3.28,90,37.534337,-122.27465,0.4,,3
544,0,1,1756.17,3.28,90,37.534338,-122.274611,0.4,,3
545,0,1,1759.88,3.28,90,37.534339,-122.274573,0.4,,3
546,0,1,1762.62,3.28,91,37.534341,-122.274534,0.4,,3
547,0,1,1766.21,3.28,91,37.534342,-122.274496,0.5,,3
548,0,1,1769.67,3.28,91,37.534343,-122.274458,0.5,,2
549,0,1,1772.84,3.28,91,37.534345,-122.27442,0.5,,3
550,0,1,1776.3,3.28,91,37.534348,-122.274384,0.5,,3
551,0,1,1779.87,3.28,91,37.534357,-122.274349,0.6,,3
552,0,1,1782.82,3.28,92,37.534374,-122.274316,0.7,,3
553,0,1,1786.41,3.28,92,37.534396,-122.274285,0.7,,3
554,0,1,1790.1,3.28,92,37.53442,-122.274257,0.8,,3
555,0,1,1792.73,3.28,92,37.534444,-122.274231,0.9,,2
556,0,1,1796.24,3.28,92,37.534465,-122.274205,1.0,,4
557,0,1,1799.83,3.28,92,37.534486,-122.274177,1.1,,2
558,0,1,1802.96,3.29,93,37.534505,-122.274145,1.2,,3
559,0,1,1806.58,3.29,93,37.53452,-122.274111,1.2,,3
560,0,1,1810.21,3.29,93,37.53453,-122.274075,1.2,,2
561,0,1,1813.11,3.29,93,37.534532,-122.274038,1.2,,4
562,0,1,1816.8,3.29,93,37.534527,-122.274002,1.2,,2
563,0,1,1820.38,3.29,93,37.534518,-122.273966,1.1,,3
564,0,1,1822.67,3.29,94,37.534505,-122.273931,1.1,,3
565,0,1,1826.21,3.29,94,37.53449,-122.273895,1.0,,3
566,0,1,1829.84,3.29,94,37.534475,-122.27386,0.9,,3
567,0,1,1832.59,3.29,94,37.53446,-122.273825,0.8,,2
568,0,1,1836.32,3.29,94,37.534447,-122.27379,0.7,,3
569,0,1,1839.89,3.29,94,37.534435,-122.273755,0.6,,3
570,0,1,1842.81,3.29,95,37.534424,-122.27372,0.6,,3
571,0,1,1846.33,3.29,95,37.534414,-122.273686,0.5,,3
572,0,1,1849.75,3.29,95,37.534406,-122.273651,0.4,,3
573,0,1,1852.92,3.29,95,37.534399,-122.273616,0.4,,3
574,0,1,1856.41,3.29,95,37.534393,-122.27358,0.3,,2
575,0,1,1862.16,3.29,95,37.534386,-122.273543,0.2,,3
576,0,1,1868.88,3.29,96,37.534378,-122.273505,0.2,,6
577,0,1,1872.89,3.29,96,37.534365,-122.273469,0.1,,6
578,0,1,1876.17,3.29,96,37.534346,-122.273436,0.0,,3
579,0,1,1879.38,3.29,96,37.534322,-122.273408,-0.2,,3
580,0,1,1882.99,3.29,96,37.534294,-122.273388,-0.3,,3
581,0,1,1886.82,3.29,96,37.534264,-122.273377,-0.5,,2
582,0,1,1890.36,3.29,97,37.534234,-122.273371,-0.6,,3
583,0,1,1893.73,3.3,97,37.534204,-122.273369,-0.8,,3
584,0,1,1896.95,3.3,97,37.534177,-122.273365,-0.9,,3
585,0,1,1900.0,3.3,97,37.53415,-122.27336,-1.0,,2
586,0,1,1903.07,3.3,97,37.534123,-122.273353,-1.0,,3
587,0,1,1906.14,3.3,97,37.534096,-122.273344,-1.1,,4
588,0,1,1909.31,3.3,98,37.534068,-122.273332,-1.1,,2
589,0,1,1912.57,3.3,98,37.534041,-122.273317,-1.1,,3
590,0,1,1915.82,3.3,98,37.534016,-122.273301,-1.1,,3
591,0,1,1919.09,3.3,98,37.533991,-122.273283,-1.0,,2
592,0,1,1922.32,3.3,98,37.533968,-122.273264,-1.0,,4
593,0,1,1925.53,3.3,98,37.533945,-122.273245,-0.9,,2
594,0,1,1928.54,3.3,99,37.533922,-122.273226,-0.8,,4
595,0,1,1931.21,3.3,99,37.5339,-122.273208,-0.7,,2
596,0,1,1933.93,3.3,99,37.533878,-122.27319,-0.6,,3
597,0,1,1936.84,3.3,99,37.533855,-122.273174,-0.6,,3
598,0,1,1939.91,3.3,99,37.53383,-122.273158,-0.5,,3
599,0,1,1942.98,3.29,99,37.533805,-122.273141,-0.4,,3
600,0,1,1946.09,3.29,100,37.533781,-122.273123,-0.3,,5
601,0,1,1949.34,3.29,100,37.53376,-122.273102,-0.1,,5
602,0,1,1952.49,3.29,100,37.53374,-122.273078,0.0,,3
603,0,1,1952.49,3.29,100,37.533721,-122.273054,0.2,,3
604,0,1,1952.49,3.29,100,37.5337,-122.273028,0.4,,3
605,0,1,1955.72,3.29,100,37.533678,-122.273003,0.6,,2
606,0,1,1958.41,3.29,101,37.533655,-122.27298,0.8,,6
607,0,1,1961.81,3.28,101,37.53363,-122.27296,1.0,,6
608,0,1,1965.23,3.28,101,37.533605,-122.272943,1.2,,3
609,0,1,1967.9,3.28,101,37.533579,-122.272929,1.3,,2
610,0,1,1971.1,3.28,101,37.533553,-122.272917,1.5,,4
611,0,1,1974.54,3.28,101,37.533525,-122.272908,1.6,,3
612,0,1,1977.53,3.28,102,37.533498,-122.2729,1.7,,2
613,0,1,1980.78,3.28,102,37.53347,-122.272895,1.9,,3
614,0,1,1984.02,3.28,102,37.533442,-122.272891,2.0,,3
615,0,1,1986.95,3.28,102,37.533413,-122.272889,2.1,,3
616,0,1,1990.2,3.28,102,37.533385,-122.272887,2.1,,3
617,0,1,1993.36,3.28,102,37.533357,-122.272887,2.2,,2
618,0,1,1996.1,3.28,103,37.533329,-122.272888,2.3,,3
619,0,1,1999.25,3.27,103,37.533302,-122.272889,2.1,,3
620,0,1,2002.59,3.27,103,37.533275,-122.272891,2.0,,3
621,0,1,2005.29,3.27,103,37.533247,-122.272893,1.9,,3
622,0,1,2008.35,3.27,103,37.53322,-122.272895,1.8,,3
623,0,1,2011.46,3.27,103,37.533192,-122.272898,1.7,,3
624,0,1,2014.67,3.27,104,37.533165,-122.2729,1.5,,2
625,0,1,2022.66,3.27,104,37.533137,-122.272902,1.4,,3
626,0,1,2026.72,3.26,104,37.533109,-122.272903,1.3,,3
627,0,1,2029.88,3.26,104,37.533081,-122.272902,1.2,,3
628,0,1,2033.12,3.26,104,37.533052,-122.2729,1.1,,2
629,0,1,2036.34,3.26,104,37.533024,-122.272896,1.0,,3
630,0,1,2039.84,3.26,105,37.532995,-122.27289,1.0,,3
631,0,1,2039.84,3.26,105,37.532966,-122.272883,0.9,,3
632,0,1,2039.84,3.26,105,37.532937,-122.272874,0.9,,3
633,0,1,2043.11,3.26,105,37.532908,-122.272866,0.8,,3
634,0,1,2046.34,3.26,105,37.532879,-122.272857,0.8,,2
635,0,1,2049.66,3.26,105,37.532849,-122.272849,0.7,,4
636,0,1,2052.88,3.26,106,37.53282,-122.272842,0.6,,5
637,0,1,2055.88,3.26,106,37.532791,-122.272836,0.6,,5
638,0,1,2059.37,3.26,106,37.532761,-122.272832,0.5,,3
639,0,1,2062.67,3.26,106,37.532733,-122.27283,0.4,,3
640,0,1,2065.68,3.26,106,37.532704,-122.272831,0.2,,2
641,0,1,2068.93,3.26,106,37.532676,-122.272835,0.1,,3
642,0,1,2072.21,3.25,107,37.532647,-122.27284,0.0,,3
643,0,1,2075.42,3.25,107,37.532619,-122.272848,-0.2,,3
644,0,1,2078.72,3.25,107,37.532591,-122.272857,-0.4,,3
645,0,1,2082.26,3.25,107,37.532564,-122.272867,-0.5,,2
646,0,1,2085.05,3.25,107,37.532536,-122.272878,-0.7,,3
647,0,1,2088.39,3.25,107,37.532508,-122.272889,-0.8,,3
648,0,1,2091.72,3.25,108,37.532481,-122.272902,-0.9,,3
649,0,1,2094.77,3.25,108,37.532454,-122.272914,-0.9,,3
650,0,1,2098.02,3.25,108,37.532428,-122.272927,-1.0,,2
651,0,1,2101.31,3.25,108,37.532402,-122.27294,-1.0,,3
652,0,1,2104.29,3.25,108,37.532377,-122.272952,-1.0,,3
653,0,1,2107.33,3.25,108,37.532352,-122.272962,-1.0,,3
654,0,1,2110.24,3.25,109,37.532328,-122.272967,-1.0,,3
655,0,1,2113.42,3.25,109,37.532302,-122.272967,-0.9,,3
656,0,1,2116.32,3.25,109,37.532276,-122.272964,-0.9,,2
657,0,1,2119.54,3.25,109,37.53225,-122.272963,-0.9,,4
658,0,1,2121.95,3.25,109,37.532222,-122.272967,-0.8,,2
659,0,1,2125.24,3.24,109,37.532195,-122.272972,-0.8,,6
660,0,1,2128.38,3.24,110,37.532167,-122.272978,-0.8,,6
661,0,1,2130.88,3.24,110,37.532141,-122.272979,-0.7,,5
662,0,1,2133.82,3.24,110,37.532117,-122.272974,-0.7,,5
663,0,1,2136.6,3.24,110,37.532094,-122.27296,-0.6,,4
664,0,1,2139.65,3.24,110,37.532074,-122.272938,-0.5,,2
665,0,1,2142.78,3.23,110,37.532055,-122.272913,-0.5,,3
666,0,1,2146.21,3.23,111,37.532036,-122.272886,-0.4,,6
667,0,1,2147.96,3.23,111,37.532018,-122.272859,-0.3,,6
668,0,1,2151.05,3.23,111,37.531999,-122.272833,-0.2,,3
669,0,1,2156.62,3.23,111,37.531979,-122.272809,-0.2,,5
670,0,1,2162.61,3.22,111,37.531959,-122.272787,-0.1,,5
671,0,1,2166.02,3.22,111,37.531938,-122.272766,-0.1,,3
672,0,1,2169.07,3.22,112,37.531916,-122.272746,-0.1,,3
673,0,1,2172.16,3.22,112,37.531893,-122.272726,0.0,,3
674,0,1,2175.27,3.22,112,37.531869,-122.272707,0.0,,2
675,0,1,2178.5,3.22,112,37.531845,-122.272687,0.0,,3
676,0,1,2181.71,3.22,112,37.531821,-122.272667,0.0,,3
677,0,1,2184.91,3.22,112,37.531796,-122.272648,0.0,,3
678,0,1,2188.12,3.22,113,37.531771,-122.272628,0.0,,3
679,0,1,2191.37,3.22,113,37.531745,-122.272609,0.0,,3
680,0,1,2194.7,3.22,113,37.53172,-122.27259,0.0,,3
681,0,1,2197.95,3.22,113,37.531695,-122.272571,0.0,,2
682,0,1,2201.12,3.22,113,37.53167,-122.272553,0.0,,3
683,0,1,2204.42,3.22,113,37.531646,-122.272535,0.0,,3
684,0,1,2207.77,3.22,114,37.531622,-122.272517,0.1,,3
685,0,1,2207.77,3.22,114,37.531599,-122.272498,0.2,,2
686,0,1,2207.77,3.22,114,37.531578,-122.272478,0.2,,3
687,0,1,2210.79,3.22,114,37.531557,-122.272457,0.2,,3
688,0,1,2213.39,3.22,114,37.531536,-122.272436,0.2,,3
689,0,1,2216.68,3.21,114,37.531516,-122.272414,0.2,,3
690,0,1,2219.83,3.21,115,37.531495,-122.272392,0.2,,2
691,0,1,2222.34,3.21,115,37.531473,-122.27237,0.2,,4
692,0,1,2225.5,3.21,115,37.53145,-122.272349,0.2,,2
693,0,1,2228.66,3.21,115,37.531426,-122.27233,0.3,,3
694,0,1,2231.52,3.21,115,37.531401,-122.272314,0.3,,2
695,0,1,2234.83,3.21,115,37.531374,-122.272303,0.3,,4
696,0,1,2237.88,3.21,116,37.531349,-122.272294,0.3,,2
697,0,1,2240.51,3.21,116,37.531326,-122.272286,0.4,,3
698,0,1,2243.06,3.2,116,37.531306,-122.272278,0.4,,5
699,0,1,2245.43,3.2,116,37.531288,-122.272268,0.4,,5
700,0,1,2248.77,3.2,116,37.531268,-122.27226,0.4,,4
701,0,1,2251.71,3.19,116,37.531246,-122.272253,0.4,,3
702,0,1,2254.62,3.19,117,37.53122,-122.272246,0.4,,2
703,0,1,2256.19,3.19,117,37.531195,-122.272238,0.5,,3
704,0,1,2259.08,3.18,117,37.53117,-122.272227,0.5,,3
705,0,1,2262.17,3.18,117,37.531145,-122.272214,0.5,,3
706,0,1,2264.68,3.18,117,37.531121,-122.272201,0.5,,3
707,0,1,2267.64,3.17,117,37.531097,-122.272188,0.5,,3
708,0,1,2271.03,3.17,118,37.531072,-122.272177,0.5,,3
709,0,1,2273.57,3.17,118,37.531046,-122.272169,0.5,,2
710,0,1,2276.55,3.17,118,37.53102,-122.272164,0.5,,3
711,0,1,2279.32,3.17,118,37.530995,-122.272159,0.5,,3
712,0,1,2282.33,3.16,118,37.530971,-122.272155,0.6,,3
713,0,1,2285.18,3.16,118,37.530949,-122.27215,0.6,,3
714,0,1,2287.69,3.16,119,37.530926,-122.272141,0.6,,3
715,0,1,2290.42,3.16,119,37.530904,-122.272129,0.6,,2
716,0,1,2293.3,3.15,119,37.530883,-122.272114,0.5,,3
717,0,1,2296.14,3.15,119,37.530861,-122.272096,0.5,,3
718,0,1,2298.16,3.15,119,37.53084,-122.272076,0.5,,3
719,0,1,2301.26,3.15,119,37.530819,-122.272056,0.4,,3
720,0,1,2304.49,3.14,120,37.530798,-122.272035,0.3,,2
721,0,1,2306.66,3.14,120,37.530778,-122.272014,0.3,,3
722,0,1,2309.7,3.14,120,37.530758,-122.271993,0.2,,3
723,0,1,2312.81,3.14,120,37.530739,-122.271972,0.1,,3
724,0,1,2315.46,3.14,120,37.53072,-122.271952,0.1,,2
725,0,1,2318.21,3.14,120,37.530702,-122.271931,0.0,,3
726,0,1,2320.8,3.13,121,37.530684,-122.271911,0.0,,6
727,0,1,2323.87,3.13,121,37.530667,-122.271891,-0.1,,6
728,0,1,2326.68,3.13,121,37.53065,-122.27187,-0.2,,6
729,0,1,2329.68,3.13,121,37.530633,-122.271847,-0.2,,6
730,0,1,2331.94,3.12,121,37.530616,-122.271822,-0.3,,3
731,0,1,2335.05,3.12,121,37.530599,-122.271794,-0.3,,2
732,0,1,2338.48,3.12,122,37.530583,-122.271765,-0.4,,3
733,0,1,2340.59,3.12,122,37.530566,-122.271735,-0.5,,3
734,0,1,2343.88,3.12,122,37.53055,-122.271704,-0.6,,3
735,0,1,2347.31,3.12,122,37.530533,-122.271675,-0.6,,3
736,0,1,2349.8,3.12,122,37.530516,-122.271647,-0.6,,2
737,0,1,2352.89,3.12,122,37.530499,-122.271623,-0.6,,3
738,0,1,2355.89,3.12,123,37.530481,-122.271602,-0.6,,3
739,0,1,2358.98,3.12,123,37.530459,-122.271585,-0.6,,3
740,0,1,2362.21,3.12,123,37.530432,-122.271574,-0.5,,3
741,0,1,2365.18,3.12,123,37.530404,-122.27157,-0.5,,2
742,0,1,2367.39,3.11,123,37.530379,-122.271575,-0.4,,3
743,0,1,2370.08,3.11,123,37.530359,-122.27159,-0.4,,3
744,0,1,2372.75,3.11,123,37.530341,-122.271609,-0.4,,3
745,0,1,2375.36,3.11,124,37.530324,-122.271629,-0.4,,3
746,0,1,2378.12,3.11,124,37.530303,-122.271645,-0.4,,2
747,0,1,2382.65,3.1,124,37.530281,-122.271658,-0.3,,3
748,0,1,2388.08,3.1,124,37.530256,-122.271669,-0.3,,3
749,0,1,2391.39,3.1,124,37.530231,-122.27168,-0.3,,3
750,0,1,2394.39,3.1,124,37.530205,-122.271691,-0.2,,3
751,0,1,2397.36,3.1,125,37.53018,-122.271702,-0.2,,3
752,0,1,2400.25,3.09,125,37.530157,-122.271712,-0.1,,2
753,0,1,2403.27,3.09,125,37.530133,-122.271724,-0.1,,3
754,0,1,2406.17,3.09,125,37.530109,-122.271736,0.0,,3
755,0,1,2409.05,3.09,125,37.530083,-122.271749,0.0,,3
756,0,1,2412.09,3.09,125,37.530058,-122.271764,0.1,,3
757,0,1,2415.2,3.09,126,37.530034,-122.271782,0.1,,3
758,0,1,2418.29,3.09,126,37.53001,-122.271801,0.2,,3
759,0,1,2421.39,3.09,126,37.529988,-122.271824,0.2,,2
760,0,1,2424.63,3.09,126,37.529967,-122.271849,0.2,,3
761,0,1,2428.01,3.09,126,37.529948,-122.271877,0.2,,3
762,0,1,2431.26,3.09,126,37.529932,-122.271907,0.2,,3
763,0,1,2434.42,3.09,126,37.529917,-122.271938,0.3,,2
764,0,1,2437.45,3.09,127,37.529905,-122.271969,0.3,,3
765,0,1,2440.43,3.09,127,37.529894,-122.271999,0.3,,3
766,0,1,2443.38,3.09,127,37.529886,-122.272029,0.3,,3
767,0,1,2446.29,3.09,127,37.529879,-122.27206,0.3,,3
768,0,1,2449.23,3.09,127,37.529874,-122.272092,0.4,,2
769,0,1,2452.2,3.09,127,37.529869,-122.272126,0.4,,3
770,0,1,2455.14,3.09,128,37.529865,-122.272157,0.4,,3
771,0,1,2457.82,3.09,128,37.529862,-122.272175,0.4,,3
772,0,1,2459.59,3.09,128,37.529861,-122.272176,0.4,,1
773,0,1,2459.8,3.08,128,37.529862,-122.272163,0.4,,1
774,0,1,2462.01,3.07,128,37.529867,-122.272141,0.4,,2
775,0,1,2464.83,3.07,128,37.529878,-122.272115,0.4,,3
776,0,1,2464.83,3.06,129,37.529889,-122.272085,0.4,,3
777,0,1,2464.83,3.06,129,37.529898,-122.272052,0.3,,3
778,0,1,2468.46,3.05,129,37.529904,-122.272019,0.3,,3
779,0,1,2474.3,3.04,129,37.529908,-122.271985,0.3,,3
780,0,1,2477.7,3.04,129,37.529914,-122.271952,0.3,,2
781,0,1,2480.41,3.03,129,37.52992,-122.27192,0.2,,3
782,0,1,2483.1,3.03,129,37.52993,-122.271892,0.2,,2
783,0,1,2485.91,3.03,130,37.529943,-122.271866,0.2,,4
784,0,1,2488.76,3.03,130,37.52996,-122.271844,0.2,,3
785,0,1,2491.69,3.03,130,37.52998,-122.271825,0.2,,2
786,0,1,2494.59,3.02,130,37.530002,-122.271808,0.2,,3
787,0,1,2497.47,3.02,130,37.530026,-122.271794,0.1,,3
788,0,1,2500.36,3.02,130,37.530052,-122.271781,0.1,,3
789,0,1,2503.31,3.02,131,37.530078,-122.271769,0.1,,3
790,0,1,2506.44,3.02,131,37.530104,-122.271758,0.0,,2
791,0,1,2509.61,3.02,131,37.530129,-122.271746,0.0,,4
792,0,1,2512.73,3.02,131,37.530154,-122.271732,-0.1,,2
793,0,1,2515.71,3.02,131,37.530178,-122.271717,-0.1,,3
794,0,1,2518.62,3.02,131,37.530201,-122.2717,-0.2,,3
795,0,1,2521.58,3.02,132,37.530223,-122.271682,-0.2,,2
796,0,1,2524.52,3.02,132,37.530245,-122.271662,-0.3,,3
797,0,1,2527.56,3.03,132,37.530267,-122.271643,-0.3,,3
798,0,1,2530.58,3.03,132,37.530291,-122.271626,-0.3,,3
799,0,1,2533.55,3.03,132,37.530315,-122.27161,-0.4,,3
800,0,1,2536.59,3.03,132,37.530341,-122.271597,-0.4,,2
801,0,1,2539.58,3.03,133,37.530369,-122.271587,-0.4,,3
802,0,1,2542.57,3.03,133,37.530396,-122.271582,-0.5,,3
803,0,1,2545.47,3.03,133,37.530423,-122.271581,-0.5,,3
804,0,1,2548.84,3.03,133,37.53045,-122.271586,-0.5,,3
805,0,1,2551.89,3.03,133,37.530474,-122.271596,-0.6,,3
806,0,1,2551.89,3.03,133,37.530496,-122.271613,-0.6,,3
807,0,1,2556.38,3.03,133,37.530516,-122.271634,-0.6,,5
808,0,1,2560.12,3.03,134,37.530534,-122.27166,-0.6,,5
809,0,1,2563.12,3.03,134,37.530551,-122.271688,-0.6,,3
810,0,1,2566.28,3.03,134,37.530567,-122.271717,-0.5,,2
811,0,1,2569.38,3.03,134,37.530584,-122.271745,-0.5,,4
812,0,1,2572.48,3.03,134,37.5306,-122.271773,-0.4,,2
813,0,1,2575.52,3.03,134,37.530618,-122.2718,-0.3,,3
814,0,1,2578.53,3.03,135,37.530635,-122.271825,-0.3,,3
815,0,1,2581.57,3.03,135,37.530653,-122.27185,-0.2,,3
816,0,1,2584.55,3.03,135,37.530672,-122.271875,-0.2,,3
817,0,1,2587.65,3.03,135,37.530692,-122.2719,-0.1,,2
818,0,1,2590.74,3.03,135,37.530711,-122.271925,0.0,,3
819,0,1,2593.87,3.03,135,37.530732,-122.27195,0.1,,5
820,0,1,2597.07,3.03,136,37.530753,-122.271975,0.1,,5
821,0,1,2600.18,3.03,136,37.530774,-122.271999,0.2,,4
822,0,1,2603.32,3.03,136,37.530796,-122.272022,0.3,,5
823,0,1,2606.43,3.03,136,37.530818,-122.272043,0.4,,5
824,0,1,2609.53,3.04,136,37.53084,-122.272064,0.4,,3
825,0,1,2612.7,3.04,136,37.530862,-122.272082,0.5,,3
826,0,1,2615.73,3.04,136,37.530886,-122.2721,0.5,,2
827,0,1,2618.75,3.04,137,37.53091,-122.272116,0.5,,3
828,0,1,2621.79,3.04,137,37.530935,-122.272131,0.5,,3
829,0,1,2624.82,3.04,137,37.530961,-122.272144,0.5,,3
830,0,1,2627.9,3.04,137,37.530988,-122.272156,0.5,,3
831,0,1,2631.11,3.04,137,37.531015,-122.272166,0.5,,3
832,0,1,2634.36,3.04,137,37.531041,-122.272174,0.5,,2
833,0,1,2637.39,3.04,138,37.531067,-122.272182,0.5,,3
834,0,1,2640.33,3.04,138,37.531093,-122.272191,0.5,,3
835,0,1,2643.38,3.04,138,37.531119,-122.272202,0.5,,3
836,0,1,2646.41,3.05,138,37.531145,-122.272215,0.5,,3
837,0,1,2649.45,3.05,138,37.53117,-122.272229,0.5,,2
838,0,1,2652.44,3.05,138,37.531196,-122.272244,0.5,,3
839,0,1,2655.5,3.05,139,37.531221,-122.272258,0.5,,3
840,0,1,2658.59,3.05,139,37.531245,-122.272272,0.5,,3
841,0,1,2661.56,3.05,139,37.53127,-122.272283,0.4,,2
842,0,1,2664.58,3.05,139,37.531294,-122.272294,0.4,,3
843,0,1,2667.46,3.05,139,37.531319,-122.272304,0.4,,3
844,0,1,2670.44,3.05,139,37.531346,-122.272313,0.4,,3
845,0,1,2673.61,3.05,139,37.531372,-122.272323,0.3,,3
846,0,1,2676.78,3.05,140,37.531398,-122.272334,0.3,,3
847,0,1,2679.85,3.05,140,37.531424,-122.272347,0.3,,2
848,0,1,2683.0,3.05,140,37.531448,-122.27236,0.3,,3
849,0,1,2686.13,3.05,140,37.531471,-122.272375,0.2,,6
850,0,1,2686.13,3.05,140,37.531494,-122.272391,0.2,,6
851,0,1,2686.13,3.05,140,37.531515,-122.272408,0.2,,2
852,0,1,2688.97,3.05,141,37.531536,-122.272426,0.2,,6
853,0,1,2691.11,3.05,141,37.531556,-122.272446,0.2,,6
854,0,1,2694.04,3.05,141,37.531576,-122.272465,0.2,,3
855,0,1,2696.95,3.05,141,37.531595,-122.272485,0.2,,3
856,0,1,2699.52,3.04,141,37.531615,-122.272504,0.1,,3
857,0,1,2702.43,3.04,141,37.531636,-122.272523,0.1,,2
858,0,1,2705.62,3.04,142,37.531658,-122.272542,0.0,,3
859,0,1,2707.96,3.04,142,37.53168,-122.272559,0.0,,3
860,0,1,2711.16,3.04,142,37.531703,-122.272576,0.0,,3
861,0,1,2714.28,3.04,142,37.531726,-122.272593,0.0,,3
862,0,1,2716.65,3.04,142,37.53175,-122.272609,0.0,,3
863,0,1,2719.88,3.04,142,37.531774,-122.272625,0.1,,3
864,0,1,2722.94,3.04,143,37.531798,-122.272641,0.1,,2
865,0,1,2725.43,3.04,143,37.531822,-122.272657,0.0,,6
866,0,1,2728.6,3.04,143,37.531845,-122.272673,0.0,,6
867,0,1,2731.73,3.04,143,37.531868,-122.272689,0.0,,3
868,0,1,2734.27,3.04,143,37.53189,-122.272706,0.0,,2
869,0,1,2737.15,3.04,143,37.531911,-122.272723,0.0,,3
870,0,1,2740.27,3.04,143,37.531932,-122.27274,0.0,,3
871,0,1,2743.05,3.04,144,37.531951,-122.272759,-0.1,,3
872,0,1,2745.91,3.04,144,37.531971,-122.272778,-0.1,,3
873,0,1,2749.07,3.04,144,37.531989,-122.272799,-0.2,,3
874,0,1,2751.45,3.03,144,37.532007,-122.272821,-0.2,,2
875,0,1,2754.55,3.03,144,37.532024,-122.272844,-0.3,,4
876,0,1,2757.46,3.03,144,37.532042,-122.272868,-0.3,,2
877,0,1,2759.72,3.03,145,37.532059,-122.272892,-0.4,,3
878,0,1,2762.94,3.03,145,37.532077,-122.272915,-0.5,,3
879,0,1,2765.83,3.03,145,37.532095,-122.272937,-0.6,,5
880,0,1,2768.08,3.03,145,37.532114,-122.272956,-0.6,,5
881,0,1,2770.94,3.02,145,37.532134,-122.272972,-0.7,,3
882,0,1,2773.75,3.02,145,37.532156,-122.272984,-0.8,,3
883,0,1,2776.33,3.02,146,37.53218,-122.272989,-0.8,,3
884,0,1,2783.42,3.02,146,37.532207,-122.272986,-0.9,,3
885,0,1,2787.1,3.02,146,37.532235,-122.27298,-0.9,,2
886,0,1,2790.13,3.02,146,37.532263,-122.272975,-0.9,,3
887,0,1,2793.09,3.02,146,37.532288,-122.272974,-1.0,,3
888,0,1,2795.92,3.02,146,37.532312,-122.272976,-1.0,,3
889,0,1,2798.63,3.02,146,37.532337,-122.272977,-1.0,,5
890,0,1,2801.42,3.02,147,37.532362,-122.272976,-1.1,,5
891,0,1,2804.39,3.02,147,37.532388,-122.272971,-1.1,,4
892,0,1,2807.2,3.01,147,37.532412,-122.272961,-1.1,,3
893,0,1,2810.05,3.01,147,37.532436,-122.272948,-1.1,,2
894,0,1,2812.99,3.01,147,37.532459,-122.272932,-1.0,,3
895,0,1,2815.89,3.01,147,37.532482,-122.272915,-1.0,,3
896,0,1,2818.95,3.01,148,37.532505,-122.272899,-0.9,,2
897,0,1,2821.9,3.01,148,37.532529,-122.272883,-0.7,,3
898,0,1,2824.9,3.01,148,37.532553,-122.27287,-0.6,,3
899,0,1,2827.87,3.01,148,37.532578,-122.272859,-0.4,,2
900,0,1,2830.78,3.01,148,37.532604,-122.27285,-0.3,,4
901,0,1,2833.8,3.01,148,37.532631,-122.272843,-0.1,,2
902,0,1,2836.73,3.01,149,37.532657,-122.272837,0.0,,3
903,0,1,2839.74,3.01,149,37.532684,-122.272833,0.2,,3
904,0,1,2842.79,3.01,149,37.532712,-122.272829,0.3,,3
905,0,1,2845.76,3.01,149,37.532739,-122.272828,0.4,,3
906,0,1,2848.77,3.01,149,37.532766,-122.272828,0.5,,2
907,0,1,2851.71,3.01,149,37.532793,-122.27283,0.6,,3
908,0,1,2854.7,3.01,150,37.532819,-122.272834,0.7,,3
909,0,1,2857.67,3.01,150,37.532845,-122.272841,0.8,,6
910,0,1,2860.82,3.01,150,37.532871,-122.272849,0.8,,6
911,0,1,2861.0,3.01,150,37.532896,-122.272858,0.8,,3
912,0,1,2865.77,3.01,150,37.532922,-122.272867,0.9,,3
913,0,1,2869.21,3.01,150,37.532948,-122.272875,0.9,,2
914,0,1,2872.16,3.01,150,37.532974,-122.272882,1.0,,3
915,0,1,2875.15,3.01,151,37.533,-122.272887,1.0,,3
916,0,1,2878.27,3.01,151,37.533026,-122.27289,1.1,,3
917,0,1,2881.26,3.01,151,37.533053,-122.272893,1.2,,3
918,0,1,2884.23,3.01,151,37.53308,-122.272894,1.3,,2
919,0,1,2887.19,3.01,151,37.533107,-122.272894,1.4,,3
920,0,1,2890.19,3.02,151,37.533134,-122.272894,1.5,,3
921,0,1,2893.24,3.02,152,37.533161,-122.272893,1.6,,2
922,0,1,2896.26,3.02,152,37.533188,-122.272891,1.7,,4
923,0,1,2899.35,3.02,152,37.533215,-122.27289,1.8,,2
924,0,1,2902.32,3.02,152,37.533242,-122.272888,1.9,,3
925,0,1,2905.45,3.02,152,37.533269,-122.272887,2.0,,3
926,0,1,2908.54,3.02,152,37.533296,-122.272886,2.2,,3
927,0,1,2908.54,3.02,153,37.533323,-122.272885,2.3,,2
928,0,1,2913.34,3.02,153,37.53335,-122.272885,2.3,,3
929,0,1,2917.29,3.02,153,37.533377,-122.272885,2.2,,3
930,0,1,2920.25,3.02,153,37.533404,-122.272886,2.1,,3
931,0,1,2923.23,3.02,153,37.533431,-122.272889,2.0,,6
932,0,1,2926.18,3.02,153,37.533457,-122.272892,1.9,,6
933,0,1,2929.17,3.02,153,37.533484,-122.272897,1.8,,2
934,0,1,2932.09,3.02,154,37.53351,-122.272903,1.7,,3
935,0,1,2935.08,3.02,154,37.533536,-122.27291,1.6,,3
936,0,1,2938.4,3.02,154,37.533562,-122.272919,1.4,,3
937,0,1,2941.69,3.02,154,37.533588,-122.27293,1.3,,3
938,0,1,2941.69,3.02,154,37.533614,-122.272942,1.1,,2
939,0,1,2946.13,3.02,154,37.533638,-122.272956,1.0,,6
940,0,1,2950.01,3.02,155,37.533662,-122.27297,0.9,,6
941,0,1,2952.84,3.02,155,37.533684,-122.272986,0.7,,3
942,0,1,2955.68,3.02,155,37.533704,-122.273005,0.5,,3
943,0,1,2958.59,3.02,155,37.533722,-122.273028,0.4,,3
944,0,1,2961.45,3.02,155,37.53374,-122.273053,0.2,,2
945,0,1,2964.39,3.02,155,37.533758,-122.273078,0.0,,3
946,0,1,2967.4,3.02,156,37.533777,-122.2731,-0.1,,3
947,0,1,2970.31,3.02,156,37.533798,-122.273122,-0.3,,3
948,0,1,2973.24,3.02,156,37.53382,-122.273141,-0.4,,3
949,0,1,2976.25,3.02,156,37.533841,-122.273159,-0.5,,3
950,0,1,2979.28,3.02,156,37.533863,-122.273176,-0.6,,2
951,0,1,2982.12,3.02,156,37.533885,-122.273193,-0.7,,4
952,0,1,2984.93,3.02,156,37.533908,-122.273209,-0.7,,2
953,0,1,2987.86,3.02,157,37.533931,-122.273227,-0.8,,3
954,0,1,2990.86,3.02,157,37.533954,-122.273245,-0.9,,3
955,0,1,2993.79,3.02,157,37.533978,-122.273264,-0.9,,2
956,0,1,2996.59,3.02,157,37.534002,-122.273283,-1.0,,3
957,0,1,2999.74,3.02,157,37.534026,-122.273303,-1.1,,3
958,0,1,3003.13,3.02,157,37.534051,-122.273321,-1.1,,3
959,0,1,3006.42,3.02,158,37.534076,-122.273337,-1.1,,3
960,0,1,3009.53,3.02,158,37.534101,-122.273351,-1.1,,3
961,0,1,3012.48,3.02,158,37.534126,-122.273362,-1.0,,3
962,0,1,3015.47,3.02,158,37.534151,-122.27337,-1.0,,2
963,0,1,3018.41,3.02,158,37.534177,-122.273377,-0.9,,3
964,0,1,3021.35,3.02,158,37.534203,-122.273382,-0.8,,3
965,0,1,3024.16,3.02,159,37.534229,-122.273385,-0.6,,3
966,0,1,3026.9,3.02,159,37.534256,-122.273387,-0.5,,3
967,0,1,3029.77,3.02,159,37.534283,-122.27339,-0.4,,3
968,0,1,3032.76,3.02,159,37.534307,-122.273397,-0.3,,2
969,0,1,3035.77,3.02,159,37.534328,-122.27341,-0.2,,6
970,0,1,3038.65,3.02,159,37.534347,-122.273427,0.0,,6
971,0,1,3041.21,3.02,160,37.534363,-122.273445,0.0,,3
972,0,1,3041.21,3.02,160,37.534378,-122.273463,0.1,,3
973,0,1,3041.21,3.02,160,37.53439,-122.273481,0.2,,3
974,0,1,3043.78,3.01,160,37.534401,-122.273502,0.3,,3
975,0,1,3045.45,3.01,160,37.53441,-122.273528,0.3,,2
976,0,1,3048.29,3.01,160,37.534418,-122.273557,0.4,,3
977,0,1,3051.06,3.0,160,37.534425,-122.273587,0.5,,3
978,0,1,3052.61,3.0,161,37.534431,-122.273617,0.5,,3
979,0,1,3055.13,3.0,161,37.534438,-122.273646,0.6,,2
980,0,1,3057.86,2.99,161,37.534445,-122.273675,0.6,,3
981,0,1,3060.47,2.99,161,37.534452,-122.273702,0.7,,3
982,0,1,3063.06,2.98,161,37.53446,-122.27373,0.7,,3
983,0,1,3065.7,2.98,161,37.534469,-122.273757,0.8,,3
984,0,1,3068.32,2.98,161,37.534478,-122.273783,0.8,,2
985,0,1,3075.2,2.97,162,37.534489,-122.27381,0.9,,3
986,0,1,3078.65,2.97,162,37.534499,-122.273837,1.0,,3
987,0,1,3081.27,2.97,162,37.53451,-122.273864,1.0,,3
988,0,1,3083.97,2.96,162,37.534521,-122.273891,1.1,,3
989,0,1,3086.69,2.96,162,37.534531,-122.27392,1.1,,2
990,0,1,3089.3,2.96,162,37.53454,-122.273949,1.2,,3
991,0,1,3091.92,2.95,163,37.534548,-122.273978,1.3,,3
992,0,1,3094.69,2.95,163,37.534555,-122.274009,1.3,,3
993,0,1,3097.55,2.95,163,37.534558,-122.274041,1.3,,3
994,0,1,3100.45,2.95,163,37.534558,-122.274073,1.3,,2
995,0,1,3103.27,2.94,163,37.534555,-122.274105,1.4,,4
996,0,1,3106.07,2.94,163,37.534547,-122.274134,1.3,,2
997,0,1,3108.85,2.94,163,37.534534,-122.274161,1.3,,3
998,0,1,3111.65,2.94,164,37.534518,-122.274185,1.2,,3
999,0,1,3114.46,2.94,164,37.534499,-122.274207,1.2,,2
1000,0,1,3117.22,2.94,164,37.53448,-122.274228,1.1,,4
1001,0,1,3120.04,2.94,164,37.53446,-122.274247,1.0,,2
1002,0,1,3122.79,2.94,164,37.534441,-122.274268,0.9,,3
1003,0,1,3125.53,2.94,164,37.534423,-122.274289,0.8,,3
1004,0,1,3128.28,2.94,164,37.534408,-122.274311,0.8,,2
1005,0,1,3130.88,2.94,165,37.534394,-122.274336,0.7,,3
1006,0,1,3133.5,2.94,165,37.534383,-122.274364,0.7,,3
1007,0,1,3136.13,2.94,165,37.534374,-122.274392,0.6,,3
1008,0,1,3138.81,2.93,165,37.534368,-122.274423,0.6,,3
1009,0,1,3141.54,2.93,165,37.534363,-122.274454,0.5,,3
1010,0,1,3144.19,2.93,165,37.534361,-122.274485,0.5,,2
1011,0,1,3146.81,2.93,165,37.53436,-122.274516,0.5,,3
1012,0,1,3149.43,2.92,166,37.534361,-122.274548,0.5,,3
1013,0,1,3152.11,2.92,166,37.534362,-122.27458,0.5,,3
1014,0,1,3154.87,2.92,166,37.534364,-122.274612,0.5,,3
1015,0,1,3157.83,2.92,166,37.534365,-122.274645,0.4,,3
1016,0,1,3160.71,2.92,166,37.534365,-122.274678,0.4,,2
1017,0,1,3160.71,2.91,166,37.534363,-122.274712,0.4,,3
1018,0,1,3160.71,2.91,167,37.534362,-122.274746,0.4,,3
1019,0,1,3163.44,2.91,167,37.534361,-122.274778,0.4,,3
1020,0,1,3165.81,2.91,167,37.534361,-122.274808,0.3,,3
1021,0,1,3168.5,2.91,167,37.534362,-122.274837,0.3,,2
1022,0,1,3171.3,2.91,167,37.534362,-122.274868,0.3,,3
1023,0,1,3173.65,2.91,167,37.534361,-122.274976,0.2,,3
1024,0,1,,,,,,,,
1025,-1,1,,,,,,,,
1102,0,1,3177.08,2.9,168,37.534344,-122.27565,-0.4,,0
1103,0,1,3179.45,2.9,168,37.534344,-122.275751,-0.5,,3
1104,0,1,3182.24,2.9,168,37.534347,-122.275791,-0.5,,5
1105,0,1,3185.3,2.9,168,37.534352,-122.27583,-0.6,,6
1106,0,1,3188.44,2.9,168,37.534359,-122.275866,-0.5,,4
1107,0,1,3191.59,2.9,168,37.534368,-122.275899,-0.5,,2
1108,0,1,3194.61,2.9,168,37.534378,-122.275931,-0.5,,3
1109,0,1,3197.64,2.91,169,37.53439,-122.27596,-0.5,,3
1110,0,1,3200.28,2.91,169,37.534404,-122.275988,-0.5,,2
1111,0,1,3200.28,2.91,169,37.534419,-122.276013,-0.5,,3
1112,0,1,3200.28,2.91,169,37.534435,-122.276038,-0.4,,3
1113,0,1,3203.05,2.91,169,37.534453,-122.276061,-0.4,,3
1114,0,1,3203.05,2.91,169,37.534472,-122.276083,-0.4,,3
1115,0,1,3205.68,2.91,169,37.53449,-122.276104,-0.4,,3
1116,0,1,3209.37,2.91,170,37.53451,-122.276124,-0.3,,3
1117,0,1,3212.19,2.9,170,37.534529,-122.276143,-0.3,,2
1118,0,1,3214.95,2.9,170,37.534548,-122.276162,-0.3,,3
1119,0,1,3217.57,2.9,170,37.534566,-122.276181,-0.2,,3
1120,0,1,3220.22,2.9,170,37.534585,-122.2762,-0.2,,3
1121,0,1,3222.87,2.9,170,37.534604,-122.27622,-0.2,,3
1122,0,1,3225.62,2.9,171,37.534623,-122.27624,-0.2,,3
1123,0,1,3228.39,2.9,171,37.534641,-122.276261,-0.2,,2
1124,0,1,3231.24,2.9,171,37.53466,-122.276283,-0.1,,3
1125,0,1,3234.07,2.9,171,37.534677,-122.276306,-0.1,,3
1126,0,1,3236.8,2.9,171,37.534695,-122.276329,-0.1,,3
1127,0,1,3239.55,2.9,171,37.534711,-122.276353,-0.1,,3
1128,0,1,3242.22,2.9,171,37.534726,-122.276378,-0.1,,2
1129,0,1,3244.96,2.89,172,37.534738,-122.276404,-0.1,,6
1130,0,1,3247.62,2.89,172,37.534748,-122.276433,-0.1,,6
1131,0,1,3247.62,2.89,172,37.534753,-122.276463,-0.1,,3
1132,0,1,3247.62,2.89,172,37.534754,-122.276496,-0.2,,3
1133,0,1,3250.59,2.89,172,37.534751,-122.276527,-0.2,,3
1134,0,1,3253.04,2.89,172,37.534745,-122.276557,-0.2,,2
1135,0,1,3255.9,2.89,172,37.534737,-122.276585,-0.2,,3
1136,0,1,3258.79,2.89,173,37.534728,-122.276614,-0.3,,3
1137,0,1,3261.11,2.89,173,37.534719,-122.276643,-0.3,,3
1138,0,1,3264.06,2.89,173,37.53471,-122.276673,-0.3,,2
1139,0,1,3268.79,2.88,173,37.5347,-122.276703,-0.3,,3
1140,0,1,3274.41,2.88,173,37.534689,-122.276732,-0.3,,3
1141,0,1,3277.82,2.88,173,37.534676,-122.276759,-0.2,,2
1142,0,1,3280.7,2.88,173,37.534661,-122.276784,-0.2,,4
1143,0,1,3283.38,2.88,174,37.534645,-122.276808,-0.2,,3
1144,0,1,3286.04,2.88,174,37.534628,-122.276829,-0.2,,2
1145,0,1,3288.67,2.88,174,37.534609,-122.276847,-0.2,,3
1146,0,1,3291.34,2.88,174,37.534589,-122.276863,-0.1,,3
1147,0,1,3294.05,2.88,174,37.534567,-122.276875,-0.1,,3
1148,0,1,3296.62,2.88,174,37.534545,-122.276884,-0.1,,3
1149,0,1,3299.22,2.88,175,37.534522,-122.27689,-0.2,,5
1150,0,1,3301.77,2.87,175,37.534499,-122.276893,-0.2,,5
1151,0,1,3304.37,2.87,175,37.534475,-122.276893,-0.2,,3
1152,0,1,3307.05,2.87,175,37.534452,-122.276889,-0.2,,3
1153,0,1,3309.66,2.87,175,37.534429,-122.276884,-0.2,,3
1154,0,1,3312.28,2.86,175,37.534407,-122.276875,-0.3,,2
1155,0,1,3314.79,2.86,175,37.534385,-122.276865,-0.3,,3
1156,0,1,3317.35,2.86,176,37.534363,-122.276854,-0.4,,3
1157,0,1,3320.01,2.86,176,37.534343,-122.276841,-0.4,,3
1158,0,1,3322.52,2.86,176,37.534323,-122.276827,-0.5,,3
1159,0,1,3325.04,2.85,176,37.534304,-122.276811,-0.5,,3
1160,0,1,3327.56,2.85,176,37.534285,-122.276795,-0.6,,2
1161,0,1,3330.18,2.85,176,37.534266,-122.276777,-0.6,,3
1162,0,1,3332.85,2.85,176,37.534247,-122.276759,-0.7,,3
1163,0,1,3335.44,2.85,177,37.534228,-122.276739,-0.8,,2
1164,0,1,3338.09,2.84,177,37.534209,-122.27672,-0.8,,3
1165,0,1,3340.85,2.84,177,37.534189,-122.2767,-0.9,,6
1166,0,1,3343.74,2.84,177,37.534169,-122.276681,-1.0,,6
1167,0,1,3346.63,2.84,177,37.534149,-122.276662,-1.0,,2
1168,0,1,3349.35,2.84,177,37.534128,-122.276645,-1.0,,3
1169,0,1,3351.98,2.84,178,37.534107,-122.276628,-1.0,,3
1170,0,1,3354.7,2.84,178,37.534086,-122.276613,-1.0,,3
1171,0,1,3357.44,2.84,178,37.534064,-122.2766,-1.0,,6
1172,0,1,3360.18,2.84,178,37.534041,-122.276589,-1.0,,6
1173,0,1,3362.77,2.84,178,37.534018,-122.276581,-1.0,,3
1174,0,1,3365.38,2.84,178,37.533995,-122.276575,-1.0,,2
1175,0,1,3368.09,2.84,178,37.533971,-122.276572,-1.1,,3
1176,0,1,3370.82,2.84,179,37.533947,-122.276572,-1.1,,3
1177,0,1,3373.53,2.83,179,37.533923,-122.276574,-1.1,,2
1178,0,1,3376.45,2.83,179,37.533898,-122.276579,-1.1,,3
1179,0,1,3376.45,2.83,179,37.533874,-122.276586,-1.1,,6
1180,0,1,3376.45,2.83,179,37.53385,-122.276596,-1.1,,6
1181,0,1,3379.5,2.83,179,37.533826,-122.276609,-1.1,,3
1182,0,1,3381.71,2.83,179,37.533804,-122.276623,-1.0,,3
1183,0,1,3384.7,2.83,180,37.533782,-122.27664,-1.0,,3
1184,0,1,3387.65,2.83,180,37.533763,-122.276659,-1.0,,2
1185,0,1,3389.97,2.83,180,37.533744,-122.27668,-1.0,,3
1186,0,1,3397.3,2.83,180,37.533727,-122.276702,-0.9,,3
1187,0,1,3400.96,2.83,180,37.533712,-122.276725,-0.9,,3
1188,0,1,3403.63,2.83,180,37.533696,-122.276749,-0.9,,2
1189,0,1,3406.35,2.83,180,37.533682,-122.276773,-0.8,,3
1190,0,1,3409.05,2.83,181,37.533667,-122.276797,-0.8,,3
1191,0,1,3411.71,2.83,181,37.533652,-122.276821,-0.7,,3
1192,0,1,3414.42,2.83,181,37.533638,-122.276845,-0.7,,3
1193,0,1,3417.03,2.83,181,37.533623,-122.276869,-0.7,,2
1194,0,1,3419.67,2.83,181,37.533609,-122.276894,-0.6,,3
1195,0,1,3422.31,2.83,181,37.533595,-122.276919,-0.6,,3
1196,0,1,3424.99,2.83,182,37.533582,-122.276945,-0.6,,3
1197,0,1,3427.76,2.83,182,37.53357,-122.276973,-0.5,,3
1198,0,1,3430.45,2.83,182,37.53356,-122.277001,-0.5,,2
1199,0,1,3433.17,2.82,182,37.533552,-122.27703,-0.4,,3
1200,0,1,3435.92,2.82,182,37.533546,-122.27706,-0.4,,3
1201,0,1,3438.67,2.82,182,37.533543,-122.277092,-0.4,,2
1202,0,1,3441.41,2.82,182,37.533544,-122.277124,-0.3,,3
1203,0,1,3444.16,2.82,183,37.533548,-122.277156,-0.3,,3
1204,0,1,3447.05,2.82,183,37.533557,-122.277187,-0.2,,3
1205,0,1,3450.06,2.82,183,37.53357,-122.277216,-0.2,,3
1206,0,1,3453.14,2.82,183,37.533586,-122.277243,-0.1,,2
1207,0,1,3456.21,2.82,183,37.533605,-122.277269,0.0,,3
1208,0,1,3459.28,2.82,183,37.533626,-122.277295,0.0,,3
1209,0,1,3462.47,2.82,183,37.533649,-122.277319,0.1,,6
1210,0,1,3465.77,2.82,184,37.533673,-122.277343,0.1,,6
1211,0,1,3469.18,2.83,184,37.533697,-122.277366,0.2,,3
1212,0,1,3472.66,2.83,184,37.533721,-122.277389,0.3,,2
1213,0,1,3476.01,2.83,184,37.533745,-122.277409,0.3,,3
1214,0,1,3479.23,2.83,184,37.533768,-122.277429,0.4,,3
1215,0,1,3482.2,2.84,184,37.53379,-122.277448,0.5,,3
1216,0,1,3485.04,2.84,184,37.533812,-122.277467,0.5,,3
1217,0,1,3487.96,2.84,185,37.533834,-122.277485,0.6,,3
1218,0,1,3490.89,2.84,185,37.533855,-122.277503,0.6,,3
1219,0,1,3493.78,2.85,185,37.533875,-122.277522,0.6,,2
1220,0,1,3496.58,2.85,185,37.533896,-122.277541,0.7,,4
1221,0,1,3499.46,2.85,185,37.533916,-122.27756,0.7,,2
1222,0,1,3502.35,2.85,185,37.533936,-122.277579,0.7,,3
1223,0,1,3505.18,2.85,186,37.533955,-122.277598,0.7,,3
1224,0,1,3507.9,2.85,186,37.533974,-122.277616,0.7,,3
1225,0,1,3510.53,2.85,186,37.533992,-122.277633,0.7,,2
1226,0,1,3513.02,2.85,186,37.53401,-122.27765,0.7,,3
1227,0,1,3515.4,2.85,186,37.534027,-122.277667,0.7,,3
1228,0,1,3517.79,2.85,186,37.534045,-122.277683,0.7,,3
1229,0,1,3520.34,2.85,186,37.534062,-122.277699,0.7,,3
1230,0,1,3523.02,2.85,187,37.53408,-122.277716,0.7,,3
1231,0,1,3525.55,2.85,187,37.534099,-122.277733,0.7,,3
1232,0,1,3528.15,2.84,187,37.534118,-122.277751,0.7,,3
1233,0,1,3530.58,2.84,187,37.534138,-122.277768,0.7,,2
1234,0,1,3530.58,2.84,187,37.534157,-122.277786,0.7,,3
1235,0,1,3530.58,2.84,187,37.534177,-122.277804,0.6,,3
1236,0,1,3533.7,2.84,187,37.534197,-122.277823,0.6,,3
1237,0,1,3535.6,2.84,188,37.534216,-122.277841,0.6,,3
1238,0,1,3538.34,2.84,188,37.534236,-122.277859,0.6,,3
1239,0,1,3541.19,2.84,188,37.534256,-122.277877,0.6,,5
1240,0,1,3543.99,2.84,188,37.534275,-122.277896,0.6,,5
1241,0,1,3546.88,2.84,188,37.534295,-122.277914,0.7,,3
1242,0,1,3549.82,2.84,188,37.534315,-122.277934,0.7,,3
1243,0,1,3552.24,2.84,188,37.534336,-122.277953,0.7,,3
1244,0,1,3555.37,2.84,189,37.534356,-122.277973,0.7,,3
1245,0,1,3558.3,2.84,189,37.534377,-122.277993,0.7,,2
1246,0,1,3560.62,2.84,189,37.534397,-122.278013,0.7,,3
1247,0,1,3563.81,2.84,189,37.534418,-122.278033,0.7,,3
1248,0,1,3566.84,2.84,189,37.534439,-122.278053,0.8,,3
1249,0,1,3569.22,2.84,189,37.53446,-122.278073,0.8,,3
1250,0,1,3572.55,2.84,190,37.534482,-122.278093,0.8,,2
1251,0,1,3575.9,2.84,190,37.534503,-122.278112,0.9,,3
1252,0,1,3577.95,2.84,190,37.534525,-122.278131,0.9,,3
1253,0,1,3581.07,2.84,190,37.534546,-122.278149,0.9,,3
1254,0,1,3584.26,2.84,190,37.534568,-122.278167,1.0,,3
1255,0,1,3586.64,2.84,190,37.534589,-122.278184,1.0,,2
1256,0,1,3590.0,2.84,190,37.534611,-122.278202,1.1,,3
1257,0,1,3593.26,2.84,191,37.534632,-122.278219,1.1,,6
1258,0,1,3595.14,2.84,191,37.534654,-122.278236,1.1,,6
1259,0,1,3598.37,2.85,191,37.534675,-122.278253,1.2,,3
1260,0,1,3601.25,2.85,191,37.534697,-122.27827,1.3,,2
1261,0,1,3603.76,2.85,191,37.534718,-122.278287,1.3,,3
1262,0,1,3606.85,2.85,191,37.534739,-122.278305,1.4,,3
1263,0,1,3609.99,2.85,191,37.534759,-122.278323,1.4,,3
1264,0,1,3612.14,2.85,192,37.53478,-122.278341,1.5,,2
1265,0,1,3615.19,2.85,192,37.5348,-122.278359,1.5,,3
1266,0,1,3618.52,2.85,192,37.53482,-122.278378,1.5,,3
1267,0,1,3620.52,2.85,192,37.53484,-122.278398,1.5,,3
1268,0,1,3623.54,2.85,192,37.53486,-122.278417,1.6,,3
1269,0,1,3626.79,2.85,192,37.53488,-122.278438,1.6,,5
1270,0,1,3628.96,2.85,192,37.5349,-122.278458,1.6,,5
1271,0,1,3632.32,2.85,193,37.53492,-122.278479,1.6,,4
1272,0,1,3635.47,2.85,193,37.534939,-122.278499,1.7,,2
1273,0,1,3637.39,2.85,193,37.534959,-122.278519,1.7,,3
1274,0,1,3640.46,2.85,193,37.534978,-122.278539,1.7,,3
1275,0,1,3643.25,2.85,193,37.534998,-122.278557,1.7,,2
1276,0,1,3645.88,2.85,193,37.535017,-122.278575,1.7,,3
1277,0,1,3648.73,2.85,194,37.535037,-122.278592,1.7,,3
1278,0,1,3651.66,2.85,194,37.535056,-122.278608,1.7,,3
1279,0,1,3653.93,2.85,194,37.535076,-122.278624,1.7,,3
1280,0,1,3656.84,2.85,194,37.535096,-122.278641,1.7,,3
1281,0,1,3660.04,2.85,194,37.535116,-122.278657,1.8,,2
1282,0,1,3661.84,2.85,194,37.535136,-122.278675,1.8,,3
1283,0,1,3665.0,2.85,194,37.535157,-122.278693,1.8,,3
1284,0,1,3668.21,2.85,195,37.535177,-122.278712,1.8,,3
1285,0,1,3669.95,2.85,195,37.535198,-122.278732,1.8,,3
1286,0,1,3673.41,2.85,195,37.535219,-122.278751,1.8,,3
1287,0,1,3676.45,2.85,195,37.53524,-122.278771,1.8,,5
1288,0,1,3678.53,2.85,195,37.535261,-122.278792,1.8,,5
1289,0,1,3681.78,2.85,195,37.535282,-122.278812,1.8,,3
1290,0,1,3684.88,2.86,195,37.535303,-122.278832,1.8,,3
1291,0,1,3687.28,2.86,196,37.535324,-122.278853,1.8,,2
1292,0,1,3690.4,2.86,196,37.535345,-122.278873,1.8,,3
1293,0,1,3693.68,2.86,196,37.535365,-122.278893,1.8,,3
1294,0,1,3696.0,2.86,196,37.535386,-122.278914,1.8,,3
1295,0,1,3699.06,2.86,196,37.535407,-122.278934,1.8,,2
1296,0,1,3702.36,2.86,196,37.535427,-122.278954,1.8,,3
1297,0,1,3704.71,2.86,196,37.535448,-122.278974,1.8,,3
1298,0,1,3707.94,2.86,197,37.535468,-122.278993,1.8,,3
1299,0,1,3711.25,2.86,197,37.535489,-122.279013,1.8,,3
1300,0,1,3713.3,2.86,197,37.535509,-122.279032,1.8,,2
1301,0,1,3716.5,2.86,197,37.535529,-122.27905,1.8,,3
1302,0,1,3719.48,2.86,197,37.535549,-122.279069,1.8,,3
1303,0,1,3721.94,2.86,197,37.535569,-122.279088,1.8,,3
1304,0,1,3725.05,2.87,198,37.535589,-122.279106,1.8,,3
1305,0,1,3727.89,2.87,198,37.535609,-122.279124,1.8,,3
1306,0,1,3730.29,2.87,198,37.535629,-122.279143,1.8,,2
1307,0,1,3733.41,2.87,198,37.535649,-122.279162,1.8,,3
1308,0,1,3736.56,2.87,198,37.53567,-122.27918,1.8,,3
1309,0,1,3738.56,2.87,198,37.53569,-122.279199,1.8,,2
1310,0,1,3741.57,2.87,198,37.53571,-122.279218,1.8,,4
1311,0,1,3744.67,2.87,199,37.53573,-122.279238,1.8,,2
1312,0,1,3746.95,2.87,199,37.535751,-122.279257,1.8,,3
1313,0,1,3750.21,2.87,199,37.535771,-122.279276,1.8,,3
1314,0,1,3753.45,2.87,199,37.535791,-122.279296,1.8,,3
1315,0,1,3755.2,2.87,199,37.535811,-122.279315,1.8,,2
1316,0,1,3758.23,2.87,199,37.535832,-122.279335,1.8,,3
1317,0,1,3761.36,2.87,199,37.535852,-122.279354,1.7,,3
1318,0,1,3763.57,2.87,200,37.535872,-122.279373,1.7,,3
1319,0,1,3766.82,2.87,200,37.535892,-122.279392,1.6,,2
1320,0,1,3769.9,2.87,200,37.535912,-122.279411,1.5,,4
1321,0,1,3771.99,2.87,200,37.535932,-122.279429,1.5,,2
1322,0,1,3774.96,2.87,200,37.535952,-122.279447,1.4,,3
1323,0,1,3777.94,2.87,200,37.535971,-122.279464,1.4,,3
1324,0,1,3780.36,2.87,200,37.535991,-122.279481,1.3,,3
1325,0,1,3783.22,2.87,201,37.536011,-122.279497,1.3,,2
1326,0,1,3786.12,2.87,201,37.53603,-122.279513,1.2,,3
1327,0,1,3788.41,2.87,201,37.53605,-122.279527,1.2,,3
1328,0,1,3791.18,2.87,201,37.536071,-122.27954,1.1,,3
1329,0,1,3794.04,2.87,201,37.536091,-122.279553,1.1,,3
1330,0,1,3796.08,2.87,201,37.536111,-122.279566,1.0,,3
1331,0,1,3799.08,2.87,202,37.536132,-122.279578,1.0,,3
1332,0,1,3801.86,2.87,202,37.536152,-122.279591,0.9,,2
1333,0,1,3803.7,2.86,202,37.536172,-122.279605,0.9,,3
1334,0,1,3806.5,2.86,202,37.536191,-122.27962,0.8,,3
1335,0,1,3809.18,2.86,202,37.53621,-122.279636,0.8,,3
1336,0,1,3811.36,2.86,202,37.536229,-122.279652,0.7,,3
1337,0,1,3813.94,2.86,202,37.536248,-122.279668,0.7,,2
1338,0,1,3817.0,2.86,203,37.536267,-122.279685,0.7,,4
1339,0,1,3818.93,2.85,203,37.536286,-122.279703,0.6,,2
1340,0,1,3821.81,2.85,203,37.536305,-122.279721,0.6,,3
1341,0,1,3824.61,2.85,203,37.536323,-122.279739,0.5,,3
1342,0,1,3826.8,2.85,203,37.536342,-122.279757,0.5,,2
1343,0,1,3829.73,2.85,203,37.536361,-122.279775,0.5,,3
1344,0,1,3832.42,2.85,203,37.53638,-122.279793,0.4,,3
1345,0,1,3834.55,2.85,204,37.5364,-122.279811,0.4,,3
1346,0,1,3837.5,2.85,204,37.536419,-122.279829,0.4,,3
1347,0,1,3840.3,2.85,204,37.536439,-122.279847,0.3,,2
1348,0,1,3842.29,2.84,204,37.536458,-122.279865,0.3,,3
1349,0,1,3845.48,2.84,204,37.536478,-122.279884,0.3,,3
1350,0,1,3848.61,2.84,204,37.536498,-122.279902,0.2,,3
1351,0,1,3850.5,2.84,204,37.536518,-122.279921,0.2,,3
1352,0,1,3853.37,2.84,205,37.536539,-122.279939,0.2,,2
1353,0,1,3856.22,2.84,205,37.536559,-122.279958,0.1,,3
1354,0,1,3859.02,2.84,205,37.536579,-122.279977,0.1,,3
1355,0,1,3861.97,2.84,205,37.536599,-122.279995,0.1,,3
1356,0,1,3864.9,2.84,205,37.536619,-122.280013,0.0,,3
1357,0,1,3867.2,2.84,205,37.536639,-122.280032,0.0,,3
1358,0,1,3870.15,2.84,206,37.53666,-122.28005,-0.1,,2
1359,0,1,3872.94,2.84,206,37.53668,-122.280068,-0.1,,3
1360,0,1,3875.37,2.84,206,37.5367,-122.280086,-0.1,,3
1361,0,1,3878.31,2.84,206,37.536719,-122.280104,-0.1,,3
1362,0,1,3880.99,2.84,206,37.536739,-122.280122,-0.1,,2
1363,0,1,3883.6,2.84,206,37.536759,-122.28014,-0.1,,3
1364,0,1,3886.33,2.84,206,37.536779,-122.280158,-0.1,,3
1365,0,1,3889.15,2.84,207,37.5368,-122.280176,-0.1,,3
1366,0,1,3891.81,2.84,207,37.53682,-122.280194,0.0,,3
1367,0,1,3894.71,2.84,207,37.53684,-122.280212,0.0,,2
1368,0,1,3897.63,2.84,207,37.53686,-122.28023,0.0,,3
1369,0,1,3900.11,2.84,207,37.53688,-122.280248,0.0,,3
1370,0,1,3902.85,2.84,207,37.536901,-122.280266,0.0,,3
1371,0,1,3905.95,2.84,207,37.536921,-122.280284,0.0,,3
1372,0,1,3908.47,2.84,208,37.536942,-122.280302,0.0,,2
1373,0,1,3911.42,2.84,208,37.536962,-122.28032,0.0,,4
1374,0,1,3914.33,2.84,208,37.536983,-122.280339,0.0,,2
1375,0,1,3916.74,2.84,208,37.537004,-122.280357,0.0,,3
1376,0,1,3919.81,2.84,208,37.537025,-122.280375,0.0,,3
1377,0,1,3922.73,2.84,208,37.537046,-122.280394,0.0,,2
1378,0,1,3925.0,2.84,208,37.537068,-122.280412,0.0,,3
1379,0,1,3927.96,2.84,209,37.537089,-122.28043,0.0,,3
1380,0,1,3930.75,2.84,209,37.537111,-122.280445,0.0,,2
1381,0,1,3933.56,2.84,209,37.537134,-122.280457,0.0,,4
1382,0,1,3936.31,2.84,209,37.537157,-122.280466,0.0,,2
1383,0,1,3939.24,2.84,209,37.53718,-122.280475,0.0,,3
1384,0,1,3941.84,2.84,209,37.537204,-122.280482,0.1,,3
1385,0,1,3944.63,2.84,210,37.537228,-122.280491,0.1,,3
1386,0,1,3947.58,2.84,210,37.537251,-122.280501,0.1,,3
1387,0,1,3950.11,2.84,210,37.537274,-122.280514,0.1,,2
1388,0,1,3952.93,2.84,210,37.537297,-122.28053,0.1,,3
1389,0,1,3955.91,2.84,210,37.537319,-122.280545,0.1,,3
1390,0,1,3958.36,2.84,210,37.537342,-122.280558,0.1,,3
1391,0,1,3961.37,2.84,210,37.537366,-122.28057,0.2,,2
1392,0,1,3964.14,2.84,211,37.537389,-122.28058,0.2,,3
1393,0,1,3966.73,2.84,211,37.537413,-122.280588,0.2,,3
1394,0,1,3969.7,2.84,211,37.537437,-122.280594,0.2,,3
1395,0,1,3972.47,2.84,211,37.537462,-122.280598,0.2,,3
1396,0,1,3975.0,2.84,211,37.537487,-122.2806,0.3,,2
1397,0,1,3982.17,2.84,211,37.537512,-122.2806,0.3,,3
1398,0,1,3985.75,2.84,211,37.537537,-122.280597,0.3,,3
1399,0,1,3988.46,2.84,212,37.537562,-122.280591,0.3,,3
1400,0,1,3991.4,2.84,212,37.537588,-122.280584,0.4,,2
1401,0,1,3994.38,2.84,212,37.537613,-122.280574,0.4,,4
1402,0,1,3997.43,2.84,212,37.537638,-122.280561,0.4,,2
1403,0,1,4000.39,2.84,212,37.537663,-122.280547,0.5,,3
1404,0,1,4003.45,2.84,212,37.537688,-122.28053,0.5,,3
1405,0,1,4006.59,2.84,212,37.537711,-122.280513,0.5,,3
1406,0,1,4009.64,2.84,213,37.537733,-122.280494,0.6,,3
1407,0,1,4012.78,2.84,213,37.537755,-122.280474,0.6,,2
1408,0,1,4015.88,2.84,213,37.537775,-122.280453,0.6,,3
1409,0,1,4018.68,2.85,213,37.537795,-122.280433,0.7,,3
1410,0,1,4021.37,2.85,213,37.537814,-122.280412,0.7,,3
1411,0,1,4024.18,2.85,213,37.537835,-122.280392,0.7,,2
1412,0,1,4027.18,2.85,214,37.537856,-122.280372,0.7,,3
1413,0,1,4030.01,2.85,214,37.537878,-122.280354,0.8,,3
1414,0,1,4032.85,2.85,214,37.5379,-122.280336,0.8,,3
1415,0,1,4035.84,2.85,214,37.537923,-122.280318,0.8,,3
1416,0,1,4038.81,2.85,214,37.537944,-122.280301,0.8,,3
1417,0,1,4041.73,2.85,214,37.537964,-122.280283,0.8,,2
1418,0,1,4044.43,2.85,214,37.537983,-122.280266,0.9,,3
1419,0,1,4046.95,2.85,215,37.538002,-122.280248,0.9,,3
1420,0,1,4049.53,2.85,215,37.538021,-122.28023,0.9,,3
1421,0,1,4052.17,2.85,215,37.53804,-122.28021,0.9,,3
1422,0,1,4055.05,2.85,215,37.53806,-122.28019,0.9,,2
1423,0,1,4057.94,2.85,215,37.538079,-122.280168,0.9,,3
1424,0,1,4060.73,2.85,215,37.538096,-122.280145,1.0,,3
1425,0,1,4063.5,2.85,215,37.538112,-122.28012,1.0,,3
1426,0,1,4066.32,2.85,216,37.538126,-122.280095,1.0,,3
1427,0,1,4069.18,2.85,216,37.53814,-122.280068,1.0,,2
1428,0,1,4071.91,2.85,216,37.538152,-122.280041,1.0,,4
1429,0,1,4074.61,2.85,216,37.538164,-122.280013,1.0,,2
1430,0,1,4077.44,2.85,216,37.538176,-122.279984,1.0,,3
1431,0,1,4080.63,2.85,216,37.538187,-122.279955,0.9,,3
1432,0,1,4083.77,2.85,216,37.538198,-122.279925,0.9,,2
1433,0,1,4083.77,2.85,217,37.53821,-122.279896,0.8,,3
1434,0,1,4083.77,2.85,217,37.538222,-122.279866,0.8,,3
1435,0,1,4086.89,2.85,217,37.538234,-122.279836,0.8,,2
1436,0,1,4089.06,2.85,217,37.538247,-122.279807,0.7,,4
1437,0,1,4092.16,2.86,217,37.53826,-122.279778,0.7,,2
1438,0,1,4095.25,2.86,217,37.538274,-122.279749,0.7,,3
1439,0,1,4097.94,2.86,218,37.538288,-122.27972,0.6,,3
1440,0,1,4101.11,2.86,218,37.538302,-122.279691,0.6,,3
1441,0,1,4104.55,2.86,218,37.538317,-122.279662,0.6,,3
1442,0,1,4106.78,2.86,218,37.538331,-122.279633,0.6,,2
1443,0,1,4109.87,2.86,218,37.538345,-122.279604,0.5,,3
1444,0,1,4113.1,2.86,218,37.538358,-122.279575,0.5,,3
1445,0,1,4115.84,2.87,218,37.538372,-122.279546,0.4,,3
1446,0,1,4119.03,2.87,219,37.538385,-122.279518,0.4,,3
1447,0,1,4122.03,2.87,219,37.538397,-122.279489,0.3,,2
1448,0,1,4124.67,2.87,219,37.53841,-122.27946,0.3,,3
1449,0,1,4127.94,2.87,219,37.538422,-122.279431,0.2,,3
1450,0,1,4131.19,2.87,219,37.538435,-122.279401,0.2,,3
1451,0,1,4133.39,2.87,219,37.538448,-122.279371,0.1,,3
1452,0,1,4136.46,2.87,219,37.538461,-122.279341,0.1,,3
1453,0,1,4139.8,2.87,220,37.538474,-122.279311,0.0,,3
1454,0,1,4142.38,2.87,220,37.538488,-122.279281,0.0,,2
1455,0,1,4145.57,2.87,220,37.538502,-122.279251,-0.1,,3
1456,0,1,4148.71,2.88,220,37.538517,-122.279221,-0.2,,3
1457,0,1,4151.6,2.88,220,37.538533,-122.279193,-0.2,,2
1458,0,1,4154.98,2.88,220,37.538549,-122.279166,-0.3,,3
1459,0,1,4158.24,2.88,220,37.538566,-122.279139,-0.3,,3
1460,0,1,4160.68,2.88,221,37.538583,-122.279114,-0.3,,3
1461,0,1,4163.81,2.88,221,37.538602,-122.27909,-0.3,,3
1462,0,1,4166.84,2.88,221,37.538621,-122.279068,-0.3,,2
1463,0,1,4169.73,2.89,221,37.53864,-122.279046,-0.4,,3
1464,0,1,4172.83,2.89,221,37.538661,-122.279026,-0.4,,3
1465,0,1,4175.94,2.89,221,37.538681,-122.279006,-0.4,,3
1466,0,1,4178.51,2.89,222,37.538703,-122.278988,-0.4,,2
1467,0,1,4181.52,2.89,222,37.538725,-122.278971,-0.4,,4
1468,0,1,4184.84,2.89,222,37.538747,-122.278955,-0.4,,2
1469,0,1,4187.08,2.89,222,37.538771,-122.27894,-0.4,,3
1470,0,1,4190.12,2.89,222,37.538794,-122.278927,-0.4,,3
1471,0,1,4193.19,2.89,222,37.538818,-122.278914,-0.4,,3
1472,0,1,4195.49,2.89,222,37.538843,-122.278903,-0.3,,3
1473,0,1,4198.86,2.89,223,37.538868,-122.278892,-0.3,,3
1474,0,1,4201.95,2.89,223,37.538893,-122.278882,-0.3,,2
1475,0,1,4204.07,2.89,223,37.538918,-122.278874,-0.3,,3
1476,0,1,4211.87,2.89,223,37.538944,-122.278866,-0.3,,3
1477,0,1,4215.79,2.89,223,37.538969,-122.278859,-0.3,,3
1478,0,1,4218.7,2.89,223,37.538995,-122.278853,-0.3,,2
1479,0,1,4221.67,2.89,223,37.539021,-122.278847,-0.3,,3
1480,0,1,4224.58,2.89,224,37.539047,-122.278843,-0.2,,3
1481,0,1,4227.61,2.89,224,37.539072,-122.278838,-0.2,,3
1482,0,1,4230.57,2.89,224,37.539098,-122.278835,-0.2,,3
1483,0,1,4233.45,2.89,224,37.539124,-122.278832,-0.2,,2
1484,0,1,4236.41,2.89,224,37.539149,-122.278829,-0.2,,3
1485,0,1,4239.12,2.9,224,37.539175,-122.278826,-0.2,,3
1486,0,1,4241.74,2.9,224,37.5392,-122.278823,-0.1,,3
1487,0,1,4244.52,2.9,225,37.539226,-122.27882,-0.1,,2
1488,0,1,4247.35,2.9,225,37.539251,-122.278817,0.0,,4
1489,0,1,4250.34,2.9,225,37.539277,-122.278813,0.0,,2
1490,0,1,4253.29,2.9,225,37.539303,-122.278809,0.0,,3
1491,0,1,4256.27,2.9,225,37.539328,-122.278804,0.1,,3
1492,0,1,4256.27,2.9,225,37.539354,-122.278799,0.1,,3
1493,0,1,4256.27,2.9,226,37.53938,-122.278793,0.2,,2
1494,0,1,4259.25,2.9,226,37.539406,-122.278787,0.2,,3
1495,0,1,4261.68,2.9,226,37.539432,-122.278781,0.3,,2
1496,0,1,4265.02,2.9,226,37.539458,-122.278777,0.3,,4
1497,0,1,4268.28,2.9,226,37.539484,-122.278774,0.3,,2
1498,0,1,4270.34,2.9,226,37.53951,-122.278774,0.4,,3
1499,0,1,4273.21,2.9,226,37.539536,-122.278775,0.4,,3
1500,0,1,4278.91,2.9,227,37.539561,-122.278778,0.4,,3
1501,0,1,4284.64,2.9,227,37.539586,-122.278784,0.5,,2
1502,0,1,4287.94,2.9,227,37.53961,-122.278792,0.5,,4
1503,0,1,4290.68,2.9,227,37.539634,-122.278803,0.5,,2
1504,0,1,4293.45,2.9,227,37.539657,-122.278817,0.5,,3
1505,0,1,4296.06,2.9,227,37.539679,-122.278833,0.5,,3
1506,0,1,4298.8,2.9,227,37.5397,-122.278851,0.6,,2
1507,0,1,4301.76,2.9,228,37.53972,-122.278872,0.6,,4
1508,0,1,4304.68,2.9,228,37.539739,-122.278895,0.6,,2
1509,0,1,4307.65,2.9,228,37.539758,-122.27892,0.6,,3
1510,0,1,4310.62,2.9,228,37.539776,-122.278945,0.6,,3
1511,0,1,4313.57,2.9,228,37.539795,-122.278969,0.6,,3
1512,0,1,4316.48,2.9,228,37.539816,-122.278987,0.7,,2
1513,0,1,4319.22,2.9,228,37.53984,-122.278994,0.7,,3
1514,0,1,4321.93,2.9,229,37.539866,-122.278992,0.7,,3
1515,0,1,4324.88,2.9,229,37.53989,-122.27898,0.8,,3
1516,0,1,4327.97,2.9,229,37.539914,-122.278963,0.8,,3
1517,0,1,4330.96,2.9,229,37.539937,-122.278945,0.9,,2
1518,0,1,4333.85,2.9,229,37.539959,-122.27893,0.9,,3
1519,0,1,4336.81,2.9,229,37.539982,-122.278917,1.0,,3
1520,0,1,4339.58,2.9,230,37.540004,-122.278907,1.0,,3
1521,0,1,4342.45,2.9,230,37.540028,-122.278897,1.0,,3
1522,0,1,4342.65,2.9,230,37.540051,-122.278888,1.0,,2
1523,0,1,4347.14,2.9,230,37.540076,-122.27888,1.1,,4
1524,0,1,4350.43,2.9,230,37.5401,-122.278873,1.1,,2
1525,0,1,4353.23,2.9,230,37.540125,-122.278868,1.1,,3
1526,0,1,4356.01,2.9,230,37.54015,-122.278864,1.1,,3
1527,0,1,4358.82,2.9,231,37.540175,-122.278861,1.2,,3
1528,0,1,4361.6,2.9,231,37.5402,-122.278859,1.2,,2
1529,0,1,4364.5,2.9,231,37.540225,-122.278857,1.2,,3
1530,0,1,4367.33,2.9,231,37.54025,-122.278856,1.2,,3
1531,0,1,4370.03,2.9,231,37.540275,-122.278855,1.2,,3
1532,0,1,4372.83,2.9,231,37.5403,-122.278854,1.3,,3
1533,0,1,4375.7,2.9,231,37.540325,-122.278852,1.3,,3
1534,0,1,4378.6,2.9,232,37.54035,-122.278849,1.3,,2
1535,0,1,4381.38,2.9,232,37.540375,-122.278845,1.3,,3
1536,0,1,4384.15,2.9,232,37.5404,-122.278839,1.4,,3
1537,-1,,4384.15,,,,,,,
